,≥1 dose MMR Vaccination - Age,,,,,,,,,,,,,,,,,,,,,,,,≥1 dose MMR Vaccination - Facility Type,,,,,,,,,,,,,,,,,,,,,,,,≥1 dose MMR Vaccination - Poverty,,,,,,,,,,,,,,,,,,≥1 dose MMR Vaccination - Race/Ethnicity,,,,,,,,,,,,,,,,,,,,,,,,,,,,,,,,,,,,,,,,≥1 dose MMR Vaccination - Urbanicity,,,,,,,,,,,,,,,,,,≥1 dose MMR Vaccination - VFC Program Provider,,,,,,,,,,,,≥1 dose MMR Vaccination - WIC,,,,,,,,,,,
,19-35 Months,,,,,,13 Months,,,,,,19 Months,,,,,,24 Months,,,,,,Mixed,,,,,,Other,,,,,,Private,,,,,,Public,,,,,,Living At or Above Poverty,,,,,,Living Below Poverty,,,,,,Unknown poverty,,,,,,"American Indian or Alaska Native only, non-Hispanic",,,,"Asian only, non-Hispanic",,,,,,"Black only, non-Hispanic",,,,,,Hispanic,,,,,,"Multiple Races, non-Hispanic",,,,,,"Native Hawaiian or other Pacific Islander only, non-Hispanic",,,,,,"White only, non-Hispanic",,,,,,Living In A Non MSA,,,,,,Living In An MSA Central City,,,,,,Living in an MSA Noncentral City,,,,,,Not Participating ,,,,,,Participating,,,,,,Not Participating ,,,,,,Participating,,,,,
Names,2017,LL,UL,CI,SAMPLE SIZE,TARGET,2017,LL,UL,CI,SAMPLE SIZE,TARGET,2017,LL,UL,CI,SAMPLE SIZE,TARGET,2017,LL,UL,CI,SAMPLE SIZE,TARGET,2017,LL,UL,CI,SAMPLE SIZE,TARGET,2017,LL,UL,CI,SAMPLE SIZE,TARGET,2017,LL,UL,CI,SAMPLE SIZE,TARGET,2017,LL,UL,CI,SAMPLE SIZE,TARGET,2017,LL,UL,CI,SAMPLE SIZE,TARGET,2017,LL,UL,CI,SAMPLE SIZE,TARGET,2017,LL,UL,CI,SAMPLE SIZE,TARGET,2017,CI,SAMPLE SIZE,TARGET,2017,LL,UL,CI,SAMPLE SIZE,TARGET,2017,LL,UL,CI,SAMPLE SIZE,TARGET,2017,LL,UL,CI,SAMPLE SIZE,TARGET,2017,LL,UL,CI,SAMPLE SIZE,TARGET,2017,LL,UL,CI,SAMPLE SIZE,TARGET,2017,LL,UL,CI,SAMPLE SIZE,TARGET,2017,LL,UL,CI,SAMPLE SIZE,TARGET,2017,LL,UL,CI,SAMPLE SIZE,TARGET,2017,LL,UL,CI,SAMPLE SIZE,TARGET,2017,LL,UL,CI,SAMPLE SIZE,TARGET,2017,LL,UL,CI,SAMPLE SIZE,TARGET,2017,LL,UL,CI,SAMPLE SIZE,TARGET,2017,LL,UL,CI,SAMPLE SIZE,TARGET
Alabama,92.3,87.5,95.4,(±3.8),295,90.0,56.0,48.6,63.2,(±7.3),295,,88.8,83.0,92.8,(±4.8),295,,90.9,85.5,94.4,(±4.3),295,,98.3,88.3,99.8,(±3.4),39,,,NaN,NaN,NA,,,94.9,90.8,97.3,(±3.1),199,,,NaN,NaN,NA,,,94.3,87.7,97.5,(±4.5),193,,88.6,78.8,94.2,(±7.5),89,,,NaN,NaN,NA,,,,NA,,,,NaN,NaN,NA,,,93.6,79.8,98.2,(±7.8),42,,90.2,72.4,97.0,(±11.1),35,,96.6,86.7,99.2,(±4.8),32,,,NaN,NaN,NA,,,90.5,82.7,94.9,(±5.9),175,,92.4,81.5,97.1,(±7.1),55,,95.6,86.8,98.6,(±5),133,,88.2,78.2,94.0,(±7.7),107,,97.3,82.9,99.6,(±5.3),49,,94.3,89.0,97.2,(±3.9),215,,94.1,88.7,97.0,(±4),148,,91.2,83.7,95.5,(±5.6),146,
AL-Jefferson County,,NaN,NaN,NA,,90.0,,NaN,NaN,NA,,,,NaN,NaN,NA,,,,NaN,NaN,NA,,,,NaN,NaN,NA,,,,NaN,NaN,NA,,,,NaN,NaN,NA,,,,NaN,NaN,NA,,,,NaN,NaN,NA,,,,NaN,NaN,NA,,,,NaN,NaN,NA,,,,NA,,,,NaN,NaN,NA,,,,NaN,NaN,NA,,,,NaN,NaN,NA,,,,NaN,NaN,NA,,,,NaN,NaN,NA,,,,NaN,NaN,NA,,,,NaN,NaN,NA,,,,NaN,NaN,NA,,,,NaN,NaN,NA,,,,NaN,NaN,NA,,,,NaN,NaN,NA,,,,NaN,NaN,NA,,,,NaN,NaN,NA,,
AL-Rest of State,,NaN,NaN,NA,,90.0,,NaN,NaN,NA,,,,NaN,NaN,NA,,,,NaN,NaN,NA,,,,NaN,NaN,NA,,,,NaN,NaN,NA,,,,NaN,NaN,NA,,,,NaN,NaN,NA,,,,NaN,NaN,NA,,,,NaN,NaN,NA,,,,NaN,NaN,NA,,,,NA,,,,NaN,NaN,NA,,,,NaN,NaN,NA,,,,NaN,NaN,NA,,,,NaN,NaN,NA,,,,NaN,NaN,NA,,,,NaN,NaN,NA,,,,NaN,NaN,NA,,,,NaN,NaN,NA,,,,NaN,NaN,NA,,,,NaN,NaN,NA,,,,NaN,NaN,NA,,,,NaN,NaN,NA,,,,NaN,NaN,NA,,
Alaska,89.3,84.6,92.7,(±4),251,90.0,44.4,37.7,51.3,(±6.8),251,,83.0,77.1,87.7,(±5.3),251,,88.0,83.2,91.6,(±4.2),251,,100.0,NaN,NaN,(±0),34,,85.7,71.8,93.3,(±10.5),44,,92.1,84.5,96.2,(±5.6),115,,88.5,74.2,95.3,(±10),48,,90.7,85.5,94.1,(±4.2),208,,83.4,67.1,92.5,(±12.4),35,,,NaN,NaN,NA,,,,NA,,,,NaN,NaN,NA,,,,NaN,NaN,NA,,,,NaN,NaN,NA,,,87.0,74.3,94.0,(±9.5),52,,,NaN,NaN,NA,,,88.3,81.0,93.1,(±5.9),135,,88.3,76.1,94.7,(±8.9),60,,93.5,87.9,96.6,(±4.1),135,,79.6,65.5,89.0,(±11.7),56,,,NaN,NaN,NA,,,91.8,86.8,95.0,(±4),203,,89.8,83.7,93.8,(±5),160,,88.7,80.2,93.8,(±6.6),91,
Arizona,91.7,87.0,94.8,(±3.9),265,90.0,67.5,60.2,74.1,(±7),265,,86.8,81.1,91.0,(±4.9),265,,90.0,85.0,93.5,(±4.2),265,,96.2,84.9,99.1,(±5.5),46,,,NaN,NaN,NA,,,93.0,85.8,96.7,(±5.2),162,,93.5,81.3,97.9,(±7.3),32,,90.2,82.9,94.6,(±5.7),180,,92.2,84.1,96.4,(±5.8),73,,,NaN,NaN,NA,,,,NA,,,,NaN,NaN,NA,,,,NaN,NaN,NA,,,94.9,88.6,97.8,(±4.2),94,,,NaN,NaN,NA,,,,NaN,NaN,NA,,,92.0,86.0,95.5,(±4.6),126,,,NaN,NaN,NA,,,93.6,87.7,96.7,(±4.3),148,,87.8,77.7,93.7,(±7.8),101,,,NaN,NaN,NA,,,93.0,87.8,96.1,(±4),221,,96.2,91.8,98.3,(±3),137,,88.8,81.3,93.6,(±6),128,
AZ-Maricopa County,,NaN,NaN,NA,,90.0,,NaN,NaN,NA,,,,NaN,NaN,NA,,,,NaN,NaN,NA,,,,NaN,NaN,NA,,,,NaN,NaN,NA,,,,NaN,NaN,NA,,,,NaN,NaN,NA,,,,NaN,NaN,NA,,,,NaN,NaN,NA,,,,NaN,NaN,NA,,,,NA,,,,NaN,NaN,NA,,,,NaN,NaN,NA,,,,NaN,NaN,NA,,,,NaN,NaN,NA,,,,NaN,NaN,NA,,,,NaN,NaN,NA,,,,NaN,NaN,NA,,,,NaN,NaN,NA,,,,NaN,NaN,NA,,,,NaN,NaN,NA,,,,NaN,NaN,NA,,,,NaN,NaN,NA,,,,NaN,NaN,NA,,
AZ-Rest of State,,NaN,NaN,NA,,90.0,,NaN,NaN,NA,,,,NaN,NaN,NA,,,,NaN,NaN,NA,,,,NaN,NaN,NA,,,,NaN,NaN,NA,,,,NaN,NaN,NA,,,,NaN,NaN,NA,,,,NaN,NaN,NA,,,,NaN,NaN,NA,,,,NaN,NaN,NA,,,,NA,,,,NaN,NaN,NA,,,,NaN,NaN,NA,,,,NaN,NaN,NA,,,,NaN,NaN,NA,,,,NaN,NaN,NA,,,,NaN,NaN,NA,,,,NaN,NaN,NA,,,,NaN,NaN,NA,,,,NaN,NaN,NA,,,,NaN,NaN,NA,,,,NaN,NaN,NA,,,,NaN,NaN,NA,,,,NaN,NaN,NA,,
Arkansas,92.6,87.7,95.7,(±3.9),258,90.0,56.3,48.6,63.8,(±7.7),258,,83.2,75.8,88.7,(±6.4),258,,91.4,86.2,94.8,(±4.2),258,,94.0,81.4,98.2,(±7.2),57,,84.7,62.5,94.8,(±15.6),33,,97.9,93.2,99.4,(±2.5),112,,92.9,78.5,97.9,(±8.4),49,,93.4,86.1,97.0,(±5.1),168,,90.4,81.1,95.4,(±6.8),83,,,NaN,NaN,NA,,,,NA,,,,NaN,NaN,NA,,,,NaN,NaN,NA,,,91.6,74.2,97.6,(±10.2),37,,,NaN,NaN,NA,,,,NaN,NaN,NA,,,93.2,85.8,96.9,(±5.2),159,,97.5,94.0,99.0,(±2.2),90,,93.0,83.8,97.1,(±6.1),93,,86.9,73.7,94.0,(±9.8),75,,,NaN,NaN,NA,,,96.3,91.6,98.4,(±3.1),202,,91.4,79.9,96.6,(±7.7),106,,93.2,87.2,96.5,(±4.4),152,
California,92.9,86.6,96.4,(±4.7),324,90.0,63.0,53.7,71.5,(±9),324,,90.9,84.4,94.8,(±5.1),324,,92.0,85.6,95.7,(±4.9),324,,92.5,74.8,98.1,(±9.9),49,,94.4,73.2,99.0,(±9.6),53,,93.6,81.9,98.0,(±7),191,,91.7,73.2,97.8,(±10.6),30,,95.4,89.1,98.1,(±4.1),256,,88.1,70.6,95.8,(±11.8),56,,,NaN,NaN,NA,,,,NA,,,97.1,81.1,99.6,(±5.8),35,,,NaN,NaN,NA,,,90.2,78.7,95.9,(±8.1),102,,100.0,NaN,NaN,(±0),30,,,NaN,NaN,NA,,,93.1,80.9,97.7,(±7.5),140,,,NaN,NaN,NA,,,93.8,84.8,97.7,(±5.8),168,,91.8,80.2,96.9,(±7.6),148,,100.0,NaN,NaN,(±0),73,,91.4,81.2,96.3,(±7.1),160,,92.4,78.7,97.5,(±8.4),209,,93.0,85.0,96.9,(±5.6),112,
CA-Alameda County,,NaN,NaN,NA,,90.0,,NaN,NaN,NA,,,,NaN,NaN,NA,,,,NaN,NaN,NA,,,,NaN,NaN,NA,,,,NaN,NaN,NA,,,,NaN,NaN,NA,,,,NaN,NaN,NA,,,,NaN,NaN,NA,,,,NaN,NaN,NA,,,,NaN,NaN,NA,,,,NA,,,,NaN,NaN,NA,,,,NaN,NaN,NA,,,,NaN,NaN,NA,,,,NaN,NaN,NA,,,,NaN,NaN,NA,,,,NaN,NaN,NA,,,,NaN,NaN,NA,,,,NaN,NaN,NA,,,,NaN,NaN,NA,,,,NaN,NaN,NA,,,,NaN,NaN,NA,,,,NaN,NaN,NA,,,,NaN,NaN,NA,,
CA-Fresno County,,NaN,NaN,NA,,90.0,,NaN,NaN,NA,,,,NaN,NaN,NA,,,,NaN,NaN,NA,,,,NaN,NaN,NA,,,,NaN,NaN,NA,,,,NaN,NaN,NA,,,,NaN,NaN,NA,,,,NaN,NaN,NA,,,,NaN,NaN,NA,,,,NaN,NaN,NA,,,,NA,,,,NaN,NaN,NA,,,,NaN,NaN,NA,,,,NaN,NaN,NA,,,,NaN,NaN,NA,,,,NaN,NaN,NA,,,,NaN,NaN,NA,,,,NaN,NaN,NA,,,,NaN,NaN,NA,,,,NaN,NaN,NA,,,,NaN,NaN,NA,,,,NaN,NaN,NA,,,,NaN,NaN,NA,,,,NaN,NaN,NA,,
CA-Los Angeles County,,NaN,NaN,NA,,90.0,,NaN,NaN,NA,,,,NaN,NaN,NA,,,,NaN,NaN,NA,,,,NaN,NaN,NA,,,,NaN,NaN,NA,,,,NaN,NaN,NA,,,,NaN,NaN,NA,,,,NaN,NaN,NA,,,,NaN,NaN,NA,,,,NaN,NaN,NA,,,,NA,,,,NaN,NaN,NA,,,,NaN,NaN,NA,,,,NaN,NaN,NA,,,,NaN,NaN,NA,,,,NaN,NaN,NA,,,,NaN,NaN,NA,,,,NaN,NaN,NA,,,,NaN,NaN,NA,,,,NaN,NaN,NA,,,,NaN,NaN,NA,,,,NaN,NaN,NA,,,,NaN,NaN,NA,,,,NaN,NaN,NA,,
CA-Northern CA,,NaN,NaN,NA,,90.0,,NaN,NaN,NA,,,,NaN,NaN,NA,,,,NaN,NaN,NA,,,,NaN,NaN,NA,,,,NaN,NaN,NA,,,,NaN,NaN,NA,,,,NaN,NaN,NA,,,,NaN,NaN,NA,,,,NaN,NaN,NA,,,,NaN,NaN,NA,,,,NA,,,,NaN,NaN,NA,,,,NaN,NaN,NA,,,,NaN,NaN,NA,,,,NaN,NaN,NA,,,,NaN,NaN,NA,,,,NaN,NaN,NA,,,,NaN,NaN,NA,,,,NaN,NaN,NA,,,,NaN,NaN,NA,,,,NaN,NaN,NA,,,,NaN,NaN,NA,,,,NaN,NaN,NA,,,,NaN,NaN,NA,,
CA-San Bernardino County,,NaN,NaN,NA,,90.0,,NaN,NaN,NA,,,,NaN,NaN,NA,,,,NaN,NaN,NA,,,,NaN,NaN,NA,,,,NaN,NaN,NA,,,,NaN,NaN,NA,,,,NaN,NaN,NA,,,,NaN,NaN,NA,,,,NaN,NaN,NA,,,,NaN,NaN,NA,,,,NA,,,,NaN,NaN,NA,,,,NaN,NaN,NA,,,,NaN,NaN,NA,,,,NaN,NaN,NA,,,,NaN,NaN,NA,,,,NaN,NaN,NA,,,,NaN,NaN,NA,,,,NaN,NaN,NA,,,,NaN,NaN,NA,,,,NaN,NaN,NA,,,,NaN,NaN,NA,,,,NaN,NaN,NA,,,,NaN,NaN,NA,,
CA-San Diego County,,NaN,NaN,NA,,90.0,,NaN,NaN,NA,,,,NaN,NaN,NA,,,,NaN,NaN,NA,,,,NaN,NaN,NA,,,,NaN,NaN,NA,,,,NaN,NaN,NA,,,,NaN,NaN,NA,,,,NaN,NaN,NA,,,,NaN,NaN,NA,,,,NaN,NaN,NA,,,,NA,,,,NaN,NaN,NA,,,,NaN,NaN,NA,,,,NaN,NaN,NA,,,,NaN,NaN,NA,,,,NaN,NaN,NA,,,,NaN,NaN,NA,,,,NaN,NaN,NA,,,,NaN,NaN,NA,,,,NaN,NaN,NA,,,,NaN,NaN,NA,,,,NaN,NaN,NA,,,,NaN,NaN,NA,,,,NaN,NaN,NA,,
CA-Santa Clara County,,NaN,NaN,NA,,90.0,,NaN,NaN,NA,,,,NaN,NaN,NA,,,,NaN,NaN,NA,,,,NaN,NaN,NA,,,,NaN,NaN,NA,,,,NaN,NaN,NA,,,,NaN,NaN,NA,,,,NaN,NaN,NA,,,,NaN,NaN,NA,,,,NaN,NaN,NA,,,,NA,,,,NaN,NaN,NA,,,,NaN,NaN,NA,,,,NaN,NaN,NA,,,,NaN,NaN,NA,,,,NaN,NaN,NA,,,,NaN,NaN,NA,,,,NaN,NaN,NA,,,,NaN,NaN,NA,,,,NaN,NaN,NA,,,,NaN,NaN,NA,,,,NaN,NaN,NA,,,,NaN,NaN,NA,,,,NaN,NaN,NA,,
CA-Rest of State,,NaN,NaN,NA,,90.0,,NaN,NaN,NA,,,,NaN,NaN,NA,,,,NaN,NaN,NA,,,,NaN,NaN,NA,,,,NaN,NaN,NA,,,,NaN,NaN,NA,,,,NaN,NaN,NA,,,,NaN,NaN,NA,,,,NaN,NaN,NA,,,,NaN,NaN,NA,,,,NA,,,,NaN,NaN,NA,,,,NaN,NaN,NA,,,,NaN,NaN,NA,,,,NaN,NaN,NA,,,,NaN,NaN,NA,,,,NaN,NaN,NA,,,,NaN,NaN,NA,,,,NaN,NaN,NA,,,,NaN,NaN,NA,,,,NaN,NaN,NA,,,,NaN,NaN,NA,,,,NaN,NaN,NA,,,,NaN,NaN,NA,,
Colorado,87.2,81.5,91.3,(±4.8),264,90.0,64.4,56.9,71.3,(±7.2),264,,86.6,80.9,90.8,(±4.9),264,,87.2,81.5,91.3,(±4.8),264,,93.7,75.5,98.6,(±9.3),38,,68.8,44.2,86.0,(±22),31,,90.2,83.2,94.5,(±5.5),161,,,NaN,NaN,NA,,,89.0,82.6,93.2,(±5.2),223,,81.0,65.1,90.7,(±12.8),34,,,NaN,NaN,NA,,,,NA,,,,NaN,NaN,NA,,,,NaN,NaN,NA,,,90.6,79.8,95.9,(±7.6),61,,,NaN,NaN,NA,,,,NaN,NaN,NA,,,86.4,78.7,91.6,(±6.3),175,,,NaN,NaN,NA,,,88.4,81.2,93.1,(±5.8),161,,87.1,73.6,94.3,(±9.9),76,,,NaN,NaN,NA,,,92.7,86.4,96.2,(±4.7),181,,90.6,84.4,94.5,(±4.9),183,,82.0,70.7,89.6,(±9.4),80,
CO-Denver,,NaN,NaN,NA,,90.0,,NaN,NaN,NA,,,,NaN,NaN,NA,,,,NaN,NaN,NA,,,,NaN,NaN,NA,,,,NaN,NaN,NA,,,,NaN,NaN,NA,,,,NaN,NaN,NA,,,,NaN,NaN,NA,,,,NaN,NaN,NA,,,,NaN,NaN,NA,,,,NA,,,,NaN,NaN,NA,,,,NaN,NaN,NA,,,,NaN,NaN,NA,,,,NaN,NaN,NA,,,,NaN,NaN,NA,,,,NaN,NaN,NA,,,,NaN,NaN,NA,,,,NaN,NaN,NA,,,,NaN,NaN,NA,,,,NaN,NaN,NA,,,,NaN,NaN,NA,,,,NaN,NaN,NA,,,,NaN,NaN,NA,,
CO-Rest of State,,NaN,NaN,NA,,90.0,,NaN,NaN,NA,,,,NaN,NaN,NA,,,,NaN,NaN,NA,,,,NaN,NaN,NA,,,,NaN,NaN,NA,,,,NaN,NaN,NA,,,,NaN,NaN,NA,,,,NaN,NaN,NA,,,,NaN,NaN,NA,,,,NaN,NaN,NA,,,,NA,,,,NaN,NaN,NA,,,,NaN,NaN,NA,,,,NaN,NaN,NA,,,,NaN,NaN,NA,,,,NaN,NaN,NA,,,,NaN,NaN,NA,,,,NaN,NaN,NA,,,,NaN,NaN,NA,,,,NaN,NaN,NA,,,,NaN,NaN,NA,,,,NaN,NaN,NA,,,,NaN,NaN,NA,,,,NaN,NaN,NA,,
Connecticut,94.6,89.8,97.3,(±3.5),266,90.0,63.7,56.0,70.9,(±7.5),266,,91.9,86.7,95.1,(±4.1),266,,93.2,88.1,96.2,(±3.9),266,,,NaN,NaN,NA,,,,NaN,NaN,NA,,,94.0,87.4,97.3,(±4.6),209,,,NaN,NaN,NA,,,94.9,89.5,97.6,(±3.8),207,,100.0,NaN,NaN,(±0),46,,,NaN,NaN,NA,,,,NA,,,,NaN,NaN,NA,,,,NaN,NaN,NA,,,95.4,79.1,99.1,(±7.4),65,,,NaN,NaN,NA,,,,NaN,NaN,NA,,,96.2,91.8,98.3,(±3),149,,,NaN,NaN,NA,,,93.0,80.5,97.7,(±7.6),90,,96.2,91.7,98.3,(±3.1),167,,,NaN,NaN,NA,,,95.8,90.4,98.2,(±3.6),242,,95.9,92.1,98.0,(±2.8),184,,92.6,80.5,97.4,(±7.6),79,
Delaware,92.9,88.0,95.8,(±3.8),232,90.0,62.3,55.0,69.0,(±7.1),232,,90.4,84.9,94.0,(±4.5),232,,91.8,86.7,95.0,(±4),232,,,NaN,NaN,NA,,,96.9,90.1,99.1,(±3.7),55,,92.5,85.1,96.4,(±5.4),136,,,NaN,NaN,NA,,,93.6,87.9,96.7,(±4.2),161,,90.3,76.4,96.4,(±9.2),58,,,NaN,NaN,NA,,,,NA,,,,NaN,NaN,NA,,,86.7,70.4,94.7,(±11.7),36,,96.8,90.0,99.0,(±3.7),68,,,NaN,NaN,NA,,,,NaN,NaN,NA,,,95.8,89.1,98.5,(±4.1),94,,,NaN,NaN,NA,,,93.5,85.3,97.3,(±5.5),81,,92.5,85.8,96.2,(±4.9),151,,,NaN,NaN,NA,,,95.9,91.4,98.1,(±3.1),205,,93.3,86.2,96.9,(±5),106,,92.4,84.6,96.4,(±5.6),125,
District of Columbia,94.1,88.0,97.2,(±4.3),269,90.0,68.7,60.8,75.7,(±7.5),269,,91.3,84.9,95.2,(±5),269,,93.7,87.6,96.9,(±4.4),269,,96.6,85.4,99.3,(±5.2),48,,97.1,86.4,99.4,(±4.7),45,,89.5,76.2,95.8,(±9.2),141,,100.0,NaN,NaN,(±0),34,,95.5,89.0,98.3,(±4.1),208,,90.4,73.3,97.0,(±10.7),56,,,NaN,NaN,NA,,,,NA,,,,NaN,NaN,NA,,,94.4,81.3,98.5,(±7.2),64,,95.1,79.8,99.0,(±7.4),54,,,NaN,NaN,NA,,,,NaN,NaN,NA,,,97.0,88.6,99.3,(±4.2),115,,,NaN,NaN,NA,,,94.1,88.0,97.2,(±4.3),269,,,NaN,NaN,NA,,,,NaN,NaN,NA,,,98.0,94.0,99.3,(±2.2),172,,96.3,91.3,98.5,(±3.3),182,,92.2,80.5,97.1,(±7.6),87,
Florida,91.9,86.4,95.3,(±4.3),314,90.0,64.5,56.5,71.8,(±7.7),314,,87.5,81.3,91.8,(±5.2),314,,88.4,82.2,92.7,(±5.1),314,,98.1,87.1,99.7,(±3.8),37,,88.2,66.4,96.6,(±13.9),42,,94.2,86.1,97.7,(±5.3),197,,,NaN,NaN,NA,,,94.4,88.6,97.3,(±4.1),229,,86.8,72.5,94.2,(±10.5),69,,,NaN,NaN,NA,,,,NA,,,,NaN,NaN,NA,,,,NaN,NaN,NA,,,91.1,79.4,96.5,(±7.9),94,,,NaN,NaN,NA,,,,NaN,NaN,NA,,,92.1,81.4,96.9,(±7.1),148,,,NaN,NaN,NA,,,94.2,86.7,97.6,(±5),181,,89.5,79.3,95.0,(±7.5),126,,86.6,46.7,98.0,(±23.2),40,,94.7,88.6,97.6,(±4.2),233,,95.3,88.7,98.1,(±4.2),177,,89.6,80.9,94.6,(±6.6),137,
FL-Duval County,,NaN,NaN,NA,,90.0,,NaN,NaN,NA,,,,NaN,NaN,NA,,,,NaN,NaN,NA,,,,NaN,NaN,NA,,,,NaN,NaN,NA,,,,NaN,NaN,NA,,,,NaN,NaN,NA,,,,NaN,NaN,NA,,,,NaN,NaN,NA,,,,NaN,NaN,NA,,,,NA,,,,NaN,NaN,NA,,,,NaN,NaN,NA,,,,NaN,NaN,NA,,,,NaN,NaN,NA,,,,NaN,NaN,NA,,,,NaN,NaN,NA,,,,NaN,NaN,NA,,,,NaN,NaN,NA,,,,NaN,NaN,NA,,,,NaN,NaN,NA,,,,NaN,NaN,NA,,,,NaN,NaN,NA,,,,NaN,NaN,NA,,
FL-Miami-Dade County,,NaN,NaN,NA,,90.0,,NaN,NaN,NA,,,,NaN,NaN,NA,,,,NaN,NaN,NA,,,,NaN,NaN,NA,,,,NaN,NaN,NA,,,,NaN,NaN,NA,,,,NaN,NaN,NA,,,,NaN,NaN,NA,,,,NaN,NaN,NA,,,,NaN,NaN,NA,,,,NA,,,,NaN,NaN,NA,,,,NaN,NaN,NA,,,,NaN,NaN,NA,,,,NaN,NaN,NA,,,,NaN,NaN,NA,,,,NaN,NaN,NA,,,,NaN,NaN,NA,,,,NaN,NaN,NA,,,,NaN,NaN,NA,,,,NaN,NaN,NA,,,,NaN,NaN,NA,,,,NaN,NaN,NA,,,,NaN,NaN,NA,,
FL-Orange County,,NaN,NaN,NA,,90.0,,NaN,NaN,NA,,,,NaN,NaN,NA,,,,NaN,NaN,NA,,,,NaN,NaN,NA,,,,NaN,NaN,NA,,,,NaN,NaN,NA,,,,NaN,NaN,NA,,,,NaN,NaN,NA,,,,NaN,NaN,NA,,,,NaN,NaN,NA,,,,NA,,,,NaN,NaN,NA,,,,NaN,NaN,NA,,,,NaN,NaN,NA,,,,NaN,NaN,NA,,,,NaN,NaN,NA,,,,NaN,NaN,NA,,,,NaN,NaN,NA,,,,NaN,NaN,NA,,,,NaN,NaN,NA,,,,NaN,NaN,NA,,,,NaN,NaN,NA,,,,NaN,NaN,NA,,,,NaN,NaN,NA,,
FL-Rest of State,,NaN,NaN,NA,,90.0,,NaN,NaN,NA,,,,NaN,NaN,NA,,,,NaN,NaN,NA,,,,NaN,NaN,NA,,,,NaN,NaN,NA,,,,NaN,NaN,NA,,,,NaN,NaN,NA,,,,NaN,NaN,NA,,,,NaN,NaN,NA,,,,NaN,NaN,NA,,,,NA,,,,NaN,NaN,NA,,,,NaN,NaN,NA,,,,NaN,NaN,NA,,,,NaN,NaN,NA,,,,NaN,NaN,NA,,,,NaN,NaN,NA,,,,NaN,NaN,NA,,,,NaN,NaN,NA,,,,NaN,NaN,NA,,,,NaN,NaN,NA,,,,NaN,NaN,NA,,,,NaN,NaN,NA,,,,NaN,NaN,NA,,
Georgia,90.7,85.2,94.3,(±4.5),299,90.0,53.1,45.5,60.5,(±7.6),299,,86.0,79.7,90.5,(±5.4),299,,88.3,82.2,92.6,(±5.1),299,,82.8,56.4,94.7,(±18.7),32,,94.1,71.5,99.0,(±10.2),33,,92.0,84.9,96.0,(±5.3),214,,,NaN,NaN,NA,,,89.0,81.1,93.9,(±6.2),217,,92.5,82.2,97.0,(±6.8),73,,,NaN,NaN,NA,,,,NA,,,,NaN,NaN,NA,,,91.8,79.0,97.1,(±8.2),44,,95.1,84.0,98.6,(±6.1),58,,,NaN,NaN,NA,,,,NaN,NaN,NA,,,90.0,81.3,94.9,(±6.6),153,,,NaN,NaN,NA,,,90.7,80.3,95.9,(±7.4),111,,90.4,81.7,95.2,(±6.4),164,,93.1,74.8,98.4,(±9.8),57,,90.8,83.1,95.2,(±5.8),200,,90.8,82.6,95.4,(±6.1),157,,90.6,82.5,95.2,(±6.1),141,
GA-Fulton/DeKalb Counties,,NaN,NaN,NA,,90.0,,NaN,NaN,NA,,,,NaN,NaN,NA,,,,NaN,NaN,NA,,,,NaN,NaN,NA,,,,NaN,NaN,NA,,,,NaN,NaN,NA,,,,NaN,NaN,NA,,,,NaN,NaN,NA,,,,NaN,NaN,NA,,,,NaN,NaN,NA,,,,NA,,,,NaN,NaN,NA,,,,NaN,NaN,NA,,,,NaN,NaN,NA,,,,NaN,NaN,NA,,,,NaN,NaN,NA,,,,NaN,NaN,NA,,,,NaN,NaN,NA,,,,NaN,NaN,NA,,,,NaN,NaN,NA,,,,NaN,NaN,NA,,,,NaN,NaN,NA,,,,NaN,NaN,NA,,,,NaN,NaN,NA,,
GA-Rest of State,,NaN,NaN,NA,,90.0,,NaN,NaN,NA,,,,NaN,NaN,NA,,,,NaN,NaN,NA,,,,NaN,NaN,NA,,,,NaN,NaN,NA,,,,NaN,NaN,NA,,,,NaN,NaN,NA,,,,NaN,NaN,NA,,,,NaN,NaN,NA,,,,NaN,NaN,NA,,,,NA,,,,NaN,NaN,NA,,,,NaN,NaN,NA,,,,NaN,NaN,NA,,,,NaN,NaN,NA,,,,NaN,NaN,NA,,,,NaN,NaN,NA,,,,NaN,NaN,NA,,,,NaN,NaN,NA,,,,NaN,NaN,NA,,,,NaN,NaN,NA,,,,NaN,NaN,NA,,,,NaN,NaN,NA,,,,NaN,NaN,NA,,
Hawaii,90.5,85.3,94.0,(±4.3),236,90.0,65.4,58.1,72.1,(±7.1),236,,88.4,82.9,92.3,(±4.6),236,,89.2,83.7,92.9,(±4.5),236,,87.3,65.2,96.2,(±14.4),34,,92.5,79.3,97.5,(±8.1),50,,93.5,84.4,97.4,(±5.9),119,,,NaN,NaN,NA,,,93.1,88.1,96.1,(±3.9),193,,82.6,65.1,92.4,(±13.4),35,,,NaN,NaN,NA,,,,NA,,,89.4,71.7,96.5,(±11.4),52,,,NaN,NaN,NA,,,86.8,70.7,94.7,(±11.5),38,,92.7,83.6,97.0,(±6.2),55,,94.0,78.4,98.6,(±8.2),33,,93.5,84.0,97.5,(±6.1),56,,90.2,73.1,96.9,(±10.8),43,,95.1,88.9,97.9,(±4.1),80,,88.0,79.3,93.3,(±6.8),113,,,NaN,NaN,NA,,,94.9,88.9,97.8,(±4.1),167,,90.4,82.5,95.0,(±6),139,,90.5,82.4,95.1,(±6.1),96,
Idaho,92.2,86.5,95.7,(±4.4),198,90.0,71.4,63.7,78.0,(±7.2),198,,89.4,83.2,93.4,(±5),198,,91.1,85.0,94.8,(±4.8),198,,93.1,80.7,97.7,(±7.5),46,,88.5,67.1,96.7,(±13.5),40,,95.8,87.6,98.6,(±4.7),94,,,NaN,NaN,NA,,,93.0,87.3,96.2,(±4.3),153,,93.5,77.3,98.4,(±8.7),38,,,NaN,NaN,NA,,,,NA,,,,NaN,NaN,NA,,,,NaN,NaN,NA,,,,NaN,NaN,NA,,,,NaN,NaN,NA,,,,NaN,NaN,NA,,,94.0,89.2,96.8,(±3.6),162,,85.9,71.6,93.6,(±10.7),64,,97.7,92.8,99.3,(±2.7),71,,92.5,80.1,97.4,(±7.8),63,,,NaN,NaN,NA,,,95.3,90.4,97.8,(±3.4),170,,93.7,87.9,96.9,(±4.3),114,,91.5,80.9,96.5,(±7.3),83,
Illinois,91.9,88.4,94.4,(±2.9),473,90.0,68.6,63.4,73.4,(±5),473,,88.4,84.3,91.5,(±3.5),473,,91.2,87.6,93.8,(±3.1),473,,91.2,78.3,96.7,(±8.5),68,,86.9,75.1,93.6,(±9),88,,92.9,87.8,96.0,(±3.9),255,,100.0,NaN,NaN,(±0),55,,93.2,89.5,95.7,(±3),347,,91.2,82.3,95.8,(±6.4),108,,,NaN,NaN,NA,,,,NA,,,95.6,82.6,99.0,(±6.4),33,,82.2,65.6,91.8,(±13),43,,96.8,91.3,98.9,(±3.3),115,,,NaN,NaN,NA,,,,NaN,NaN,NA,,,91.9,87.1,95.1,(±3.9),256,,89.5,72.7,96.4,(±10.9),32,,93.6,87.1,96.9,(±4.6),198,,91.1,86.0,94.4,(±4.1),243,,91.1,81.6,95.9,(±6.8),121,,93.6,89.0,96.3,(±3.5),278,,91.2,85.9,94.6,(±4.2),292,,92.6,87.3,95.9,(±4.1),180,
IL-City of Chicago,94.0,83.8,97.9,(±6.2),137,90.0,75.9,66.3,83.4,(±8.6),137,,91.7,82.2,96.4,(±6.6),137,,94.0,83.8,97.9,(±6.2),137,,,NaN,NaN,NA,,,100.0,NaN,NaN,(±0),32,,88.8,68.7,96.6,(±12.8),65,,,NaN,NaN,NA,,,98.4,91.8,99.7,(±2.7),95,,86.7,63.7,96.0,(±15.1),39,,,NaN,NaN,NA,,,,NA,,,,NaN,NaN,NA,,,,NaN,NaN,NA,,,100.0,NaN,NaN,(±0),39,,,NaN,NaN,NA,,,,NaN,NaN,NA,,,96.7,83.6,99.4,(±5.6),59,,,NaN,NaN,NA,,,94.0,83.8,97.9,(±6.2),137,,,NaN,NaN,NA,,,86.9,46.9,98.0,(±22.9),33,,96.0,85.1,99.0,(±5.5),74,,92.2,69.9,98.3,(±11.7),79,,95.5,84.4,98.8,(±5.9),58,
IL-Madison/St. Clair Counties,,NaN,NaN,NA,,90.0,,NaN,NaN,NA,,,,NaN,NaN,NA,,,,NaN,NaN,NA,,,,NaN,NaN,NA,,,,NaN,NaN,NA,,,,NaN,NaN,NA,,,,NaN,NaN,NA,,,,NaN,NaN,NA,,,,NaN,NaN,NA,,,,NaN,NaN,NA,,,,NA,,,,NaN,NaN,NA,,,,NaN,NaN,NA,,,,NaN,NaN,NA,,,,NaN,NaN,NA,,,,NaN,NaN,NA,,,,NaN,NaN,NA,,,,NaN,NaN,NA,,,,NaN,NaN,NA,,,,NaN,NaN,NA,,,,NaN,NaN,NA,,,,NaN,NaN,NA,,,,NaN,NaN,NA,,,,NaN,NaN,NA,,
IL-Rest of State,91.2,87.2,94.0,(±3.3),336,90.0,66.2,59.9,71.9,(±6),336,,87.2,82.4,90.9,(±4.2),336,,90.3,86.1,93.3,(±3.5),336,,91.0,75.6,97.1,(±9.7),52,,81.5,66.1,90.9,(±12.3),56,,94.0,89.3,96.8,(±3.6),190,,100.0,NaN,NaN,(±0),32,,91.7,87.1,94.8,(±3.8),252,,93.6,85.4,97.3,(±5.5),69,,,NaN,NaN,NA,,,,NA,,,,NaN,NaN,NA,,,,NaN,NaN,NA,,,95.0,86.7,98.2,(±5.1),76,,,NaN,NaN,NA,,,,NaN,NaN,NA,,,91.2,85.7,94.7,(±4.4),197,,89.5,72.7,96.4,(±10.9),32,,92.8,83.7,97.0,(±6.2),61,,91.1,86.0,94.4,(±4.1),243,,92.2,84.1,96.4,(±5.8),88,,92.8,87.1,96.1,(±4.3),204,,91.0,85.5,94.5,(±4.4),213,,91.4,84.4,95.5,(±5.3),122,
Indiana,87.0,80.8,91.4,(±5.2),256,90.0,54.8,46.9,62.6,(±7.9),256,,82.9,76.3,87.9,(±5.8),256,,85.1,78.7,89.9,(±5.5),256,,,NaN,NaN,NA,,,88.0,76.0,94.4,(±8.8),69,,87.2,72.7,94.6,(±10.5),94,,94.0,83.8,98.0,(±6.2),55,,90.9,83.9,95.0,(±5.4),182,,80.4,66.4,89.5,(±11.5),67,,,NaN,NaN,NA,,,,NA,,,,NaN,NaN,NA,,,,NaN,NaN,NA,,,85.8,62.3,95.7,(±15.8),38,,,NaN,NaN,NA,,,,NaN,NaN,NA,,,86.6,78.8,91.8,(±6.4),174,,82.9,69.5,91.2,(±10.7),54,,88.8,78.3,94.6,(±7.9),113,,86.5,74.4,93.4,(±9.3),89,,86.0,60.0,96.2,(±17),32,,92.1,85.7,95.8,(±4.8),192,,89.6,81.4,94.4,(±6.3),115,,85.4,76.3,91.4,(±7.4),141,
IN-Lake County,,NaN,NaN,NA,,90.0,,NaN,NaN,NA,,,,NaN,NaN,NA,,,,NaN,NaN,NA,,,,NaN,NaN,NA,,,,NaN,NaN,NA,,,,NaN,NaN,NA,,,,NaN,NaN,NA,,,,NaN,NaN,NA,,,,NaN,NaN,NA,,,,NaN,NaN,NA,,,,NA,,,,NaN,NaN,NA,,,,NaN,NaN,NA,,,,NaN,NaN,NA,,,,NaN,NaN,NA,,,,NaN,NaN,NA,,,,NaN,NaN,NA,,,,NaN,NaN,NA,,,,NaN,NaN,NA,,,,NaN,NaN,NA,,,,NaN,NaN,NA,,,,NaN,NaN,NA,,,,NaN,NaN,NA,,,,NaN,NaN,NA,,
IN-Marion County,,NaN,NaN,NA,,90.0,,NaN,NaN,NA,,,,NaN,NaN,NA,,,,NaN,NaN,NA,,,,NaN,NaN,NA,,,,NaN,NaN,NA,,,,NaN,NaN,NA,,,,NaN,NaN,NA,,,,NaN,NaN,NA,,,,NaN,NaN,NA,,,,NaN,NaN,NA,,,,NA,,,,NaN,NaN,NA,,,,NaN,NaN,NA,,,,NaN,NaN,NA,,,,NaN,NaN,NA,,,,NaN,NaN,NA,,,,NaN,NaN,NA,,,,NaN,NaN,NA,,,,NaN,NaN,NA,,,,NaN,NaN,NA,,,,NaN,NaN,NA,,,,NaN,NaN,NA,,,,NaN,NaN,NA,,,,NaN,NaN,NA,,
IN-Rest of State,,NaN,NaN,NA,,90.0,,NaN,NaN,NA,,,,NaN,NaN,NA,,,,NaN,NaN,NA,,,,NaN,NaN,NA,,,,NaN,NaN,NA,,,,NaN,NaN,NA,,,,NaN,NaN,NA,,,,NaN,NaN,NA,,,,NaN,NaN,NA,,,,NaN,NaN,NA,,,,NA,,,,NaN,NaN,NA,,,,NaN,NaN,NA,,,,NaN,NaN,NA,,,,NaN,NaN,NA,,,,NaN,NaN,NA,,,,NaN,NaN,NA,,,,NaN,NaN,NA,,,,NaN,NaN,NA,,,,NaN,NaN,NA,,,,NaN,NaN,NA,,,,NaN,NaN,NA,,,,NaN,NaN,NA,,,,NaN,NaN,NA,,
Iowa,91.5,86.0,95.0,(±4.4),226,90.0,55.0,47.6,62.2,(±7.4),226,,90.5,84.9,94.1,(±4.5),226,,91.2,85.7,94.7,(±4.4),226,,92.0,72.6,98.0,(±10.8),35,,92.4,78.5,97.6,(±8.4),65,,95.3,82.6,98.8,(±6.5),77,,92.4,76.1,97.9,(±9.4),41,,94.2,88.5,97.1,(±4.1),176,,91.8,79.8,97.0,(±7.9),41,,,NaN,NaN,NA,,,,NA,,,,NaN,NaN,NA,,,,NaN,NaN,NA,,,,NaN,NaN,NA,,,,NaN,NaN,NA,,,,NaN,NaN,NA,,,91.0,84.9,94.8,(±4.8),172,,91.3,81.4,96.1,(±6.9),94,,93.9,82.0,98.1,(±7),67,,89.5,77.0,95.6,(±8.8),65,,,NaN,NaN,NA,,,93.2,86.5,96.7,(±4.8),181,,91.2,83.1,95.6,(±6),128,,91.8,82.8,96.3,(±6.4),98,
Kansas,89.8,82.9,94.1,(±5.5),192,90.0,58.8,49.8,67.3,(±8.9),192,,84.8,76.9,90.3,(±6.6),192,,88.4,81.4,93.0,(±5.7),192,,90.2,55.4,98.6,(±17.7),42,,91.7,78.5,97.1,(±8.4),48,,92.6,81.3,97.3,(±7.2),63,,86.6,69.2,94.9,(±12.3),35,,91.7,82.6,96.2,(±6.4),140,,81.7,66.1,91.1,(±12.4),48,,,NaN,NaN,NA,,,,NA,,,,NaN,NaN,NA,,,,NaN,NaN,NA,,,93.8,73.2,98.8,(±10),46,,,NaN,NaN,NA,,,,NaN,NaN,NA,,,91.2,82.1,95.9,(±6.6),127,,88.5,77.5,94.5,(±8.2),78,,93.1,82.5,97.5,(±6.7),55,,87.8,69.4,95.8,(±12.4),59,,96.3,77.7,99.5,(±7.2),33,,92.3,84.9,96.2,(±5.4),130,,92.9,84.4,96.9,(±5.8),106,,85.6,72.5,93.1,(±10),86,
KS-Eastern KS,,NaN,NaN,NA,,90.0,,NaN,NaN,NA,,,,NaN,NaN,NA,,,,NaN,NaN,NA,,,,NaN,NaN,NA,,,,NaN,NaN,NA,,,,NaN,NaN,NA,,,,NaN,NaN,NA,,,,NaN,NaN,NA,,,,NaN,NaN,NA,,,,NaN,NaN,NA,,,,NA,,,,NaN,NaN,NA,,,,NaN,NaN,NA,,,,NaN,NaN,NA,,,,NaN,NaN,NA,,,,NaN,NaN,NA,,,,NaN,NaN,NA,,,,NaN,NaN,NA,,,,NaN,NaN,NA,,,,NaN,NaN,NA,,,,NaN,NaN,NA,,,,NaN,NaN,NA,,,,NaN,NaN,NA,,,,NaN,NaN,NA,,
KS-Rest of State,,NaN,NaN,NA,,90.0,,NaN,NaN,NA,,,,NaN,NaN,NA,,,,NaN,NaN,NA,,,,NaN,NaN,NA,,,,NaN,NaN,NA,,,,NaN,NaN,NA,,,,NaN,NaN,NA,,,,NaN,NaN,NA,,,,NaN,NaN,NA,,,,NaN,NaN,NA,,,,NA,,,,NaN,NaN,NA,,,,NaN,NaN,NA,,,,NaN,NaN,NA,,,,NaN,NaN,NA,,,,NaN,NaN,NA,,,,NaN,NaN,NA,,,,NaN,NaN,NA,,,,NaN,NaN,NA,,,,NaN,NaN,NA,,,,NaN,NaN,NA,,,,NaN,NaN,NA,,,,NaN,NaN,NA,,,,NaN,NaN,NA,,
Kentucky,92.7,87.1,96.0,(±4.3),229,90.0,48.4,40.7,56.1,(±7.7),229,,84.5,77.7,89.5,(±5.8),229,,88.9,82.4,93.2,(±5.3),229,,98.2,88.1,99.8,(±3.5),34,,,NaN,NaN,NA,,,95.2,88.4,98.1,(±4.4),141,,92.0,71.7,98.1,(±11.1),33,,95.9,88.4,98.6,(±4.4),155,,91.2,79.5,96.5,(±7.9),60,,,NaN,NaN,NA,,,,NA,,,,NaN,NaN,NA,,,,NaN,NaN,NA,,,,NaN,NaN,NA,,,,NaN,NaN,NA,,,,NaN,NaN,NA,,,94.2,88.8,97.1,(±3.9),174,,92.1,81.0,97.0,(±7.3),72,,88.8,75.6,95.3,(±9.3),90,,97.6,90.7,99.4,(±3.3),67,,97.3,82.9,99.6,(±5.3),55,,93.6,87.0,97.0,(±4.7),151,,94.2,84.3,98.0,(±6),118,,91.4,83.1,95.8,(±6.1),110,
Louisiana,91.3,85.7,94.9,(±4.5),282,90.0,53.1,45.3,60.7,(±7.8),282,,84.3,77.9,89.1,(±5.6),282,,88.7,82.6,92.8,(±5.1),282,,97.9,86.1,99.7,(±4.2),37,,96.2,87.6,98.9,(±4.7),47,,89.1,80.4,94.2,(±6.7),174,,,NaN,NaN,NA,,,92.8,84.7,96.7,(±5.6),181,,89.1,78.4,94.9,(±7.9),89,,,NaN,NaN,NA,,,,NA,,,,NaN,NaN,NA,,,93.5,80.8,98.0,(±7.5),49,,96.5,84.9,99.3,(±5.4),47,,,NaN,NaN,NA,,,,NaN,NaN,NA,,,89.5,80.4,94.7,(±6.9),162,,97.2,83.1,99.6,(±5.3),51,,92.2,82.0,96.8,(±6.9),120,,87.2,76.0,93.6,(±8.5),111,,87.3,57.0,97.3,(±18.3),42,,93.2,87.1,96.6,(±4.5),217,,93.1,84.3,97.1,(±5.9),128,,90.6,83.0,95.0,(±5.8),154,
LA-Orleans Parish,,NaN,NaN,NA,,90.0,,NaN,NaN,NA,,,,NaN,NaN,NA,,,,NaN,NaN,NA,,,,NaN,NaN,NA,,,,NaN,NaN,NA,,,,NaN,NaN,NA,,,,NaN,NaN,NA,,,,NaN,NaN,NA,,,,NaN,NaN,NA,,,,NaN,NaN,NA,,,,NA,,,,NaN,NaN,NA,,,,NaN,NaN,NA,,,,NaN,NaN,NA,,,,NaN,NaN,NA,,,,NaN,NaN,NA,,,,NaN,NaN,NA,,,,NaN,NaN,NA,,,,NaN,NaN,NA,,,,NaN,NaN,NA,,,,NaN,NaN,NA,,,,NaN,NaN,NA,,,,NaN,NaN,NA,,,,NaN,NaN,NA,,
LA-Rest of State,,NaN,NaN,NA,,90.0,,NaN,NaN,NA,,,,NaN,NaN,NA,,,,NaN,NaN,NA,,,,NaN,NaN,NA,,,,NaN,NaN,NA,,,,NaN,NaN,NA,,,,NaN,NaN,NA,,,,NaN,NaN,NA,,,,NaN,NaN,NA,,,,NaN,NaN,NA,,,,NA,,,,NaN,NaN,NA,,,,NaN,NaN,NA,,,,NaN,NaN,NA,,,,NaN,NaN,NA,,,,NaN,NaN,NA,,,,NaN,NaN,NA,,,,NaN,NaN,NA,,,,NaN,NaN,NA,,,,NaN,NaN,NA,,,,NaN,NaN,NA,,,,NaN,NaN,NA,,,,NaN,NaN,NA,,,,NaN,NaN,NA,,
Maine,93.7,89.8,96.2,(±3.1),271,90.0,55.9,48.9,62.6,(±6.9),271,,89.1,84.5,92.5,(±4),271,,91.0,86.7,94.0,(±3.6),271,,89.2,72.3,96.3,(±11.1),41,,95.3,87.4,98.3,(±4.8),106,,99.1,93.9,99.9,(±1.7),76,,96.1,84.1,99.1,(±5.8),39,,94.9,91.0,97.2,(±3),212,,89.5,77.3,95.6,(±8.6),54,,,NaN,NaN,NA,,,,NA,,,,NaN,NaN,NA,,,,NaN,NaN,NA,,,,NaN,NaN,NA,,,,NaN,NaN,NA,,,,NaN,NaN,NA,,,93.0,88.4,95.9,(±3.6),235,,91.8,84.4,95.8,(±5.4),113,,95.8,85.1,98.9,(±5.5),57,,94.6,87.4,97.8,(±4.7),101,,,NaN,NaN,NA,,,96.8,93.5,98.5,(±2.3),246,,95.7,91.3,97.9,(±3.1),162,,91.8,84.8,95.8,(±5.3),108,
Maryland,92.4,84.9,96.3,(±5.4),361,90.0,73.5,64.5,80.8,(±8.2),361,,89.8,82.1,94.5,(±6),361,,91.1,83.6,95.4,(±5.7),361,,,NaN,NaN,NA,,,80.3,45.8,95.2,(±24.9),35,,95.4,87.5,98.4,(±4.8),279,,,NaN,NaN,NA,,,93.3,83.3,97.5,(±6.4),308,,95.0,83.6,98.6,(±6.2),43,,,NaN,NaN,NA,,,,NA,,,,NaN,NaN,NA,,,89.4,74.8,96.0,(±9.9),71,,90.2,65.9,97.8,(±13.8),54,,100.0,NaN,NaN,(±0),31,,,NaN,NaN,NA,,,93.6,75.1,98.6,(±9.4),182,,,NaN,NaN,NA,,,98.0,89.7,99.6,(±3.4),140,,88.8,77.4,94.9,(±8.3),217,,99.5,97.7,99.9,(±0.8),60,,91.7,82.9,96.2,(±6.3),249,,94.8,86.3,98.2,(±5.2),279,,89.1,73.4,96.0,(±10.5),80,
MD-City of Baltimore,,NaN,NaN,NA,,90.0,,NaN,NaN,NA,,,,NaN,NaN,NA,,,,NaN,NaN,NA,,,,NaN,NaN,NA,,,,NaN,NaN,NA,,,,NaN,NaN,NA,,,,NaN,NaN,NA,,,,NaN,NaN,NA,,,,NaN,NaN,NA,,,,NaN,NaN,NA,,,,NA,,,,NaN,NaN,NA,,,,NaN,NaN,NA,,,,NaN,NaN,NA,,,,NaN,NaN,NA,,,,NaN,NaN,NA,,,,NaN,NaN,NA,,,,NaN,NaN,NA,,,,NaN,NaN,NA,,,,NaN,NaN,NA,,,,NaN,NaN,NA,,,,NaN,NaN,NA,,,,NaN,NaN,NA,,,,NaN,NaN,NA,,
MD-Prince George's County,,NaN,NaN,NA,,90.0,,NaN,NaN,NA,,,,NaN,NaN,NA,,,,NaN,NaN,NA,,,,NaN,NaN,NA,,,,NaN,NaN,NA,,,,NaN,NaN,NA,,,,NaN,NaN,NA,,,,NaN,NaN,NA,,,,NaN,NaN,NA,,,,NaN,NaN,NA,,,,NA,,,,NaN,NaN,NA,,,,NaN,NaN,NA,,,,NaN,NaN,NA,,,,NaN,NaN,NA,,,,NaN,NaN,NA,,,,NaN,NaN,NA,,,,NaN,NaN,NA,,,,NaN,NaN,NA,,,,NaN,NaN,NA,,,,NaN,NaN,NA,,,,NaN,NaN,NA,,,,NaN,NaN,NA,,,,NaN,NaN,NA,,
MD-Rest of State,,NaN,NaN,NA,,90.0,,NaN,NaN,NA,,,,NaN,NaN,NA,,,,NaN,NaN,NA,,,,NaN,NaN,NA,,,,NaN,NaN,NA,,,,NaN,NaN,NA,,,,NaN,NaN,NA,,,,NaN,NaN,NA,,,,NaN,NaN,NA,,,,NaN,NaN,NA,,,,NA,,,,NaN,NaN,NA,,,,NaN,NaN,NA,,,,NaN,NaN,NA,,,,NaN,NaN,NA,,,,NaN,NaN,NA,,,,NaN,NaN,NA,,,,NaN,NaN,NA,,,,NaN,NaN,NA,,,,NaN,NaN,NA,,,,NaN,NaN,NA,,,,NaN,NaN,NA,,,,NaN,NaN,NA,,,,NaN,NaN,NA,,
Massachusetts,98.3,94.9,99.4,(±1.9),271,90.0,68.3,59.6,75.8,(±8.2),271,,97.2,93.7,98.8,(±2.3),271,,98.0,94.8,99.3,(±1.9),271,,,NaN,NaN,NA,,,,NaN,NaN,NA,,,98.4,94.0,99.6,(±2.1),196,,,NaN,NaN,NA,,,97.7,93.5,99.2,(±2.4),239,,,NaN,NaN,NA,,,,NaN,NaN,NA,,,,NA,,,,NaN,NaN,NA,,,,NaN,NaN,NA,,,99.9,98.9,100.0,(±0.3),31,,,NaN,NaN,NA,,,,NaN,NaN,NA,,,96.9,91.1,99.0,(±3.4),188,,,NaN,NaN,NA,,,99.8,99.4,100.0,(±0.2),72,,97.6,92.8,99.2,(±2.7),196,,,NaN,NaN,NA,,,98.1,94.6,99.4,(±2),257,,97.2,91.9,99.1,(±3),216,,100.0,NaN,NaN,(±0),55,
MA-City of Boston,,NaN,NaN,NA,,90.0,,NaN,NaN,NA,,,,NaN,NaN,NA,,,,NaN,NaN,NA,,,,NaN,NaN,NA,,,,NaN,NaN,NA,,,,NaN,NaN,NA,,,,NaN,NaN,NA,,,,NaN,NaN,NA,,,,NaN,NaN,NA,,,,NaN,NaN,NA,,,,NA,,,,NaN,NaN,NA,,,,NaN,NaN,NA,,,,NaN,NaN,NA,,,,NaN,NaN,NA,,,,NaN,NaN,NA,,,,NaN,NaN,NA,,,,NaN,NaN,NA,,,,NaN,NaN,NA,,,,NaN,NaN,NA,,,,NaN,NaN,NA,,,,NaN,NaN,NA,,,,NaN,NaN,NA,,,,NaN,NaN,NA,,
MA-Rest of State,,NaN,NaN,NA,,90.0,,NaN,NaN,NA,,,,NaN,NaN,NA,,,,NaN,NaN,NA,,,,NaN,NaN,NA,,,,NaN,NaN,NA,,,,NaN,NaN,NA,,,,NaN,NaN,NA,,,,NaN,NaN,NA,,,,NaN,NaN,NA,,,,NaN,NaN,NA,,,,NA,,,,NaN,NaN,NA,,,,NaN,NaN,NA,,,,NaN,NaN,NA,,,,NaN,NaN,NA,,,,NaN,NaN,NA,,,,NaN,NaN,NA,,,,NaN,NaN,NA,,,,NaN,NaN,NA,,,,NaN,NaN,NA,,,,NaN,NaN,NA,,,,NaN,NaN,NA,,,,NaN,NaN,NA,,,,NaN,NaN,NA,,
Michigan,92.2,87.1,95.4,(±4),237,90.0,62.1,54.2,69.5,(±7.7),237,,82.1,74.3,87.9,(±6.8),237,,89.1,83.3,93.0,(±4.8),237,,94.5,79.4,98.7,(±7.7),38,,87.8,70.0,95.7,(±12.1),43,,93.2,85.4,96.9,(±5.4),132,,,NaN,NaN,NA,,,95.4,90.8,97.8,(±3.3),179,,84.7,71.4,92.4,(±10.3),50,,,NaN,NaN,NA,,,,NA,,,,NaN,NaN,NA,,,,NaN,NaN,NA,,,,NaN,NaN,NA,,,,NaN,NaN,NA,,,,NaN,NaN,NA,,,90.6,84.1,94.7,(±5.2),165,,89.0,69.9,96.6,(±12.2),36,,93.4,84.5,97.4,(±5.9),88,,92.0,83.7,96.3,(±6),113,,,NaN,NaN,NA,,,92.4,86.6,95.8,(±4.5),197,,94.4,88.4,97.4,(±4.2),134,,90.2,81.5,95.0,(±6.5),100,
MI-City of Detroit,,NaN,NaN,NA,,90.0,,NaN,NaN,NA,,,,NaN,NaN,NA,,,,NaN,NaN,NA,,,,NaN,NaN,NA,,,,NaN,NaN,NA,,,,NaN,NaN,NA,,,,NaN,NaN,NA,,,,NaN,NaN,NA,,,,NaN,NaN,NA,,,,NaN,NaN,NA,,,,NA,,,,NaN,NaN,NA,,,,NaN,NaN,NA,,,,NaN,NaN,NA,,,,NaN,NaN,NA,,,,NaN,NaN,NA,,,,NaN,NaN,NA,,,,NaN,NaN,NA,,,,NaN,NaN,NA,,,,NaN,NaN,NA,,,,NaN,NaN,NA,,,,NaN,NaN,NA,,,,NaN,NaN,NA,,,,NaN,NaN,NA,,
MI-Rest of State,,NaN,NaN,NA,,90.0,,NaN,NaN,NA,,,,NaN,NaN,NA,,,,NaN,NaN,NA,,,,NaN,NaN,NA,,,,NaN,NaN,NA,,,,NaN,NaN,NA,,,,NaN,NaN,NA,,,,NaN,NaN,NA,,,,NaN,NaN,NA,,,,NaN,NaN,NA,,,,NA,,,,NaN,NaN,NA,,,,NaN,NaN,NA,,,,NaN,NaN,NA,,,,NaN,NaN,NA,,,,NaN,NaN,NA,,,,NaN,NaN,NA,,,,NaN,NaN,NA,,,,NaN,NaN,NA,,,,NaN,NaN,NA,,,,NaN,NaN,NA,,,,NaN,NaN,NA,,,,NaN,NaN,NA,,,,NaN,NaN,NA,,
Minnesota,94.3,89.9,96.8,(±3.3),249,90.0,56.0,47.4,64.2,(±8.4),249,,88.4,81.2,93.1,(±5.8),249,,90.3,83.2,94.6,(±5.5),249,,100.0,NaN,NaN,(±0),44,,97.5,90.5,99.4,(±3.4),84,,93.7,84.3,97.6,(±6),98,,,NaN,NaN,NA,,,95.0,89.8,97.6,(±3.6),211,,91.7,77.2,97.3,(±9),32,,,NaN,NaN,NA,,,,NA,,,,NaN,NaN,NA,,,,NaN,NaN,NA,,,,NaN,NaN,NA,,,,NaN,NaN,NA,,,,NaN,NaN,NA,,,94.8,89.0,97.6,(±4),172,,96.6,90.5,98.9,(±3.6),48,,98.1,92.6,99.5,(±2.7),99,,89.0,78.8,94.6,(±7.6),102,,,NaN,NaN,NA,,,96.7,90.9,98.9,(±3.4),163,,93.4,86.8,96.9,(±4.8),161,,95.2,88.1,98.2,(±4.5),87,
MN-Twin Cities,,NaN,NaN,NA,,90.0,,NaN,NaN,NA,,,,NaN,NaN,NA,,,,NaN,NaN,NA,,,,NaN,NaN,NA,,,,NaN,NaN,NA,,,,NaN,NaN,NA,,,,NaN,NaN,NA,,,,NaN,NaN,NA,,,,NaN,NaN,NA,,,,NaN,NaN,NA,,,,NA,,,,NaN,NaN,NA,,,,NaN,NaN,NA,,,,NaN,NaN,NA,,,,NaN,NaN,NA,,,,NaN,NaN,NA,,,,NaN,NaN,NA,,,,NaN,NaN,NA,,,,NaN,NaN,NA,,,,NaN,NaN,NA,,,,NaN,NaN,NA,,,,NaN,NaN,NA,,,,NaN,NaN,NA,,,,NaN,NaN,NA,,
MN-Rest of State,,NaN,NaN,NA,,90.0,,NaN,NaN,NA,,,,NaN,NaN,NA,,,,NaN,NaN,NA,,,,NaN,NaN,NA,,,,NaN,NaN,NA,,,,NaN,NaN,NA,,,,NaN,NaN,NA,,,,NaN,NaN,NA,,,,NaN,NaN,NA,,,,NaN,NaN,NA,,,,NA,,,,NaN,NaN,NA,,,,NaN,NaN,NA,,,,NaN,NaN,NA,,,,NaN,NaN,NA,,,,NaN,NaN,NA,,,,NaN,NaN,NA,,,,NaN,NaN,NA,,,,NaN,NaN,NA,,,,NaN,NaN,NA,,,,NaN,NaN,NA,,,,NaN,NaN,NA,,,,NaN,NaN,NA,,,,NaN,NaN,NA,,
Mississippi,91.8,86.7,95.1,(±4.1),247,90.0,62.9,55.4,69.9,(±7.3),247,,89.4,84.1,93.1,(±4.4),247,,91.1,85.9,94.5,(±4.2),247,,90.3,73.4,96.9,(±10.7),49,,94.9,71.1,99.3,(±9.8),31,,92.5,83.0,96.9,(±6.4),116,,91.3,81.4,96.2,(±7),49,,94.1,88.6,97.0,(±4),162,,87.1,75.4,93.8,(±8.9),76,,,NaN,NaN,NA,,,,NA,,,,NaN,NaN,NA,,,92.4,82.5,96.9,(±6.7),62,,,NaN,NaN,NA,,,,NaN,NaN,NA,,,,NaN,NaN,NA,,,94.3,87.9,97.4,(±4.4),138,,92.5,84.9,96.4,(±5.4),122,,,NaN,NaN,NA,,,90.9,82.2,95.6,(±6.4),96,,,NaN,NaN,NA,,,91.9,85.9,95.5,(±4.6),193,,96.2,87.8,98.9,(±4.6),96,,89.9,83.0,94.2,(±5.5),151,
Missouri,85.8,78.7,90.8,(±6),229,90.0,59.9,52.1,67.3,(±7.7),229,,83.0,75.9,88.4,(±6.2),229,,84.8,77.7,89.9,(±6),229,,96.2,77.5,99.5,(±7.3),40,,70.7,50.1,85.3,(±18.2),45,,92.3,82.4,96.9,(±6.7),102,,88.9,70.4,96.4,(±12),33,,87.4,79.4,92.6,(±6.5),177,,82.5,63.1,92.9,(±14.7),44,,,NaN,NaN,NA,,,,NA,,,,NaN,NaN,NA,,,,NaN,NaN,NA,,,,NaN,NaN,NA,,,,NaN,NaN,NA,,,,NaN,NaN,NA,,,86.8,78.9,92.1,(±6.5),170,,70.5,53.9,83.1,(±14.9),54,,89.2,76.7,95.4,(±8.9),98,,89.3,75.9,95.7,(±9.3),77,,89.4,73.5,96.3,(±10.5),43,,90.8,81.8,95.5,(±6.5),147,,84.5,74.8,90.9,(±8),129,,87.1,75.4,93.7,(±8.9),100,
MO-St. Louis County/City,,NaN,NaN,NA,,90.0,,NaN,NaN,NA,,,,NaN,NaN,NA,,,,NaN,NaN,NA,,,,NaN,NaN,NA,,,,NaN,NaN,NA,,,,NaN,NaN,NA,,,,NaN,NaN,NA,,,,NaN,NaN,NA,,,,NaN,NaN,NA,,,,NaN,NaN,NA,,,,NA,,,,NaN,NaN,NA,,,,NaN,NaN,NA,,,,NaN,NaN,NA,,,,NaN,NaN,NA,,,,NaN,NaN,NA,,,,NaN,NaN,NA,,,,NaN,NaN,NA,,,,NaN,NaN,NA,,,,NaN,NaN,NA,,,,NaN,NaN,NA,,,,NaN,NaN,NA,,,,NaN,NaN,NA,,,,NaN,NaN,NA,,
MO-Rest of State,,NaN,NaN,NA,,90.0,,NaN,NaN,NA,,,,NaN,NaN,NA,,,,NaN,NaN,NA,,,,NaN,NaN,NA,,,,NaN,NaN,NA,,,,NaN,NaN,NA,,,,NaN,NaN,NA,,,,NaN,NaN,NA,,,,NaN,NaN,NA,,,,NaN,NaN,NA,,,,NA,,,,NaN,NaN,NA,,,,NaN,NaN,NA,,,,NaN,NaN,NA,,,,NaN,NaN,NA,,,,NaN,NaN,NA,,,,NaN,NaN,NA,,,,NaN,NaN,NA,,,,NaN,NaN,NA,,,,NaN,NaN,NA,,,,NaN,NaN,NA,,,,NaN,NaN,NA,,,,NaN,NaN,NA,,,,NaN,NaN,NA,,
Montana,92.3,87.1,95.5,(±4.1),216,90.0,62.6,54.4,70.2,(±8),216,,85.9,79.5,90.5,(±5.5),216,,90.3,84.9,93.9,(±4.4),216,,92.3,75.4,97.9,(±9.7),41,,91.9,81.7,96.6,(±6.9),82,,96.9,87.6,99.3,(±4.5),52,,88.1,70.7,95.7,(±11.7),39,,93.3,87.5,96.6,(±4.3),175,,87.8,72.6,95.2,(±10.7),37,,,NaN,NaN,NA,,,,NA,,,,NaN,NaN,NA,,,,NaN,NaN,NA,,,,NaN,NaN,NA,,,,NaN,NaN,NA,,,,NaN,NaN,NA,,,90.4,83.7,94.5,(±5.3),173,,93.1,87.1,96.4,(±4.5),149,,91.9,79.4,97.1,(±8),58,,,NaN,NaN,NA,,,,NaN,NaN,NA,,,96.4,92.1,98.4,(±2.9),175,,92.7,86.0,96.3,(±4.9),135,,93.1,84.0,97.2,(±6.1),78,
Nebraska,93.7,89.1,96.4,(±3.5),246,90.0,74.5,67.6,80.3,(±6.4),246,,91.4,86.5,94.6,(±3.9),246,,93.0,88.3,95.9,(±3.7),246,,97.6,85.0,99.7,(±4.6),47,,90.1,78.9,95.6,(±7.9),74,,95.1,86.8,98.2,(±5),103,,,NaN,NaN,NA,,,94.2,89.3,96.9,(±3.6),189,,89.6,70.5,96.9,(±12),44,,,NaN,NaN,NA,,,,NA,,,,NaN,NaN,NA,,,,NaN,NaN,NA,,,95.5,86.2,98.6,(±5.3),50,,,NaN,NaN,NA,,,,NaN,NaN,NA,,,95.5,90.5,98.0,(±3.5),162,,95.1,84.8,98.5,(±5.8),63,,90.7,83.2,95.1,(±5.7),133,,100.0,NaN,NaN,(±0),50,,,NaN,NaN,NA,,,95.6,91.2,97.9,(±3.1),195,,95.7,91.0,98.0,(±3.2),146,,90.8,80.7,95.8,(±7.2),100,
Nevada,92.4,87.7,95.4,(±3.8),235,90.0,61.9,54.0,69.3,(±7.7),235,,84.9,78.4,89.7,(±5.6),235,,91.4,86.5,94.7,(±4),235,,,NaN,NaN,NA,,,,NaN,NaN,NA,,,96.5,90.3,98.8,(±3.7),158,,,NaN,NaN,NA,,,93.0,86.2,96.6,(±4.9),157,,89.6,80.1,94.9,(±7.1),69,,,NaN,NaN,NA,,,,NA,,,,NaN,NaN,NA,,,,NaN,NaN,NA,,,89.8,81.6,94.6,(±6.3),89,,,NaN,NaN,NA,,,,NaN,NaN,NA,,,97.1,93.0,98.8,(±2.6),96,,,NaN,NaN,NA,,,93.4,87.6,96.6,(±4.3),163,,95.6,82.3,99.0,(±6.5),45,,,NaN,NaN,NA,,,94.2,88.9,97.1,(±3.9),193,,94.7,87.6,97.8,(±4.7),114,,90.7,83.5,95.0,(±5.5),120,
NV-Clark County,,NaN,NaN,NA,,90.0,,NaN,NaN,NA,,,,NaN,NaN,NA,,,,NaN,NaN,NA,,,,NaN,NaN,NA,,,,NaN,NaN,NA,,,,NaN,NaN,NA,,,,NaN,NaN,NA,,,,NaN,NaN,NA,,,,NaN,NaN,NA,,,,NaN,NaN,NA,,,,NA,,,,NaN,NaN,NA,,,,NaN,NaN,NA,,,,NaN,NaN,NA,,,,NaN,NaN,NA,,,,NaN,NaN,NA,,,,NaN,NaN,NA,,,,NaN,NaN,NA,,,,NaN,NaN,NA,,,,NaN,NaN,NA,,,,NaN,NaN,NA,,,,NaN,NaN,NA,,,,NaN,NaN,NA,,,,NaN,NaN,NA,,
NV-Rest of State,,NaN,NaN,NA,,90.0,,NaN,NaN,NA,,,,NaN,NaN,NA,,,,NaN,NaN,NA,,,,NaN,NaN,NA,,,,NaN,NaN,NA,,,,NaN,NaN,NA,,,,NaN,NaN,NA,,,,NaN,NaN,NA,,,,NaN,NaN,NA,,,,NaN,NaN,NA,,,,NA,,,,NaN,NaN,NA,,,,NaN,NaN,NA,,,,NaN,NaN,NA,,,,NaN,NaN,NA,,,,NaN,NaN,NA,,,,NaN,NaN,NA,,,,NaN,NaN,NA,,,,NaN,NaN,NA,,,,NaN,NaN,NA,,,,NaN,NaN,NA,,,,NaN,NaN,NA,,,,NaN,NaN,NA,,,,NaN,NaN,NA,,
New Hampshire,94.1,89.5,96.8,(±3.5),236,90.0,60.6,53.4,67.3,(±7),236,,92.3,87.6,95.3,(±3.7),236,,93.6,89.0,96.3,(±3.6),236,,95.1,82.2,98.8,(±6.7),31,,93.8,85.3,97.5,(±5.6),94,,91.2,78.0,96.8,(±8.6),71,,100.0,NaN,NaN,(±0),39,,93.4,88.0,96.5,(±4.1),199,,97.1,81.9,99.6,(±5.6),31,,,NaN,NaN,NA,,,,NA,,,,NaN,NaN,NA,,,,NaN,NaN,NA,,,,NaN,NaN,NA,,,,NaN,NaN,NA,,,,NaN,NaN,NA,,,94.0,89.0,96.8,(±3.7),199,,96.4,90.4,98.7,(±3.6),102,,95.0,80.8,98.8,(±7.2),42,,91.2,80.7,96.2,(±7.3),92,,,NaN,NaN,NA,,,94.8,89.8,97.4,(±3.6),214,,94.2,88.3,97.2,(±4.2),156,,94.1,83.9,98.0,(±6.2),80,
New Jersey,89.0,84.1,92.5,(±4.2),356,90.0,47.8,41.4,54.3,(±6.5),356,,85.5,80.3,89.6,(±4.6),356,,87.3,82.1,91.2,(±4.5),356,,95.2,81.3,98.9,(±6.9),32,,,NaN,NaN,NA,,,90.7,85.2,94.4,(±4.5),279,,,NaN,NaN,NA,,,90.9,85.0,94.6,(±4.6),275,,81.3,67.4,90.1,(±11.3),62,,,NaN,NaN,NA,,,,NA,,,96.9,88.2,99.3,(±4.3),44,,65.5,45.4,81.2,(±18.6),32,,94.4,88.4,97.4,(±4.2),93,,,NaN,NaN,NA,,,,NaN,NaN,NA,,,91.0,83.1,95.4,(±5.9),164,,,NaN,NaN,NA,,,92.8,83.8,97.0,(±6.1),59,,88.0,81.9,92.1,(±5),297,,93.4,84.5,97.3,(±5.9),77,,90.8,84.5,94.7,(±4.9),246,,93.5,88.8,96.3,(±3.6),241,,84.0,74.7,90.4,(±7.8),115,
NJ-City of Newark,,NaN,NaN,NA,,90.0,,NaN,NaN,NA,,,,NaN,NaN,NA,,,,NaN,NaN,NA,,,,NaN,NaN,NA,,,,NaN,NaN,NA,,,,NaN,NaN,NA,,,,NaN,NaN,NA,,,,NaN,NaN,NA,,,,NaN,NaN,NA,,,,NaN,NaN,NA,,,,NA,,,,NaN,NaN,NA,,,,NaN,NaN,NA,,,,NaN,NaN,NA,,,,NaN,NaN,NA,,,,NaN,NaN,NA,,,,NaN,NaN,NA,,,,NaN,NaN,NA,,,,NaN,NaN,NA,,,,NaN,NaN,NA,,,,NaN,NaN,NA,,,,NaN,NaN,NA,,,,NaN,NaN,NA,,,,NaN,NaN,NA,,
NJ-Rest of State,,NaN,NaN,NA,,90.0,,NaN,NaN,NA,,,,NaN,NaN,NA,,,,NaN,NaN,NA,,,,NaN,NaN,NA,,,,NaN,NaN,NA,,,,NaN,NaN,NA,,,,NaN,NaN,NA,,,,NaN,NaN,NA,,,,NaN,NaN,NA,,,,NaN,NaN,NA,,,,NA,,,,NaN,NaN,NA,,,,NaN,NaN,NA,,,,NaN,NaN,NA,,,,NaN,NaN,NA,,,,NaN,NaN,NA,,,,NaN,NaN,NA,,,,NaN,NaN,NA,,,,NaN,NaN,NA,,,,NaN,NaN,NA,,,,NaN,NaN,NA,,,,NaN,NaN,NA,,,,NaN,NaN,NA,,,,NaN,NaN,NA,,
New Mexico,89.3,83.2,93.4,(±5),233,90.0,67.8,60.3,74.4,(±7.1),233,,87.5,81.3,91.8,(±5.2),233,,89.2,83.0,93.3,(±5),233,,91.0,75.1,97.1,(±9.9),52,,89.3,77.6,95.2,(±8.4),50,,90.3,77.4,96.2,(±8.7),96,,90.3,68.5,97.6,(±12.8),32,,93.8,87.7,96.9,(±4.4),139,,81.2,68.0,89.8,(±10.8),82,,,NaN,NaN,NA,,,,NA,,,,NaN,NaN,NA,,,,NaN,NaN,NA,,,88.4,79.4,93.7,(±7),127,,,NaN,NaN,NA,,,,NaN,NaN,NA,,,90.8,81.2,95.8,(±6.9),77,,89.8,79.7,95.1,(±7.4),86,,86.9,75.4,93.5,(±8.8),99,,94.7,85.8,98.1,(±5.5),48,,,NaN,NaN,NA,,,92.7,86.4,96.2,(±4.7),195,,92.1,79.5,97.2,(±8),91,,87.8,79.8,92.9,(±6.4),142,
NM-Southern NM,,NaN,NaN,NA,,90.0,,NaN,NaN,NA,,,,NaN,NaN,NA,,,,NaN,NaN,NA,,,,NaN,NaN,NA,,,,NaN,NaN,NA,,,,NaN,NaN,NA,,,,NaN,NaN,NA,,,,NaN,NaN,NA,,,,NaN,NaN,NA,,,,NaN,NaN,NA,,,,NA,,,,NaN,NaN,NA,,,,NaN,NaN,NA,,,,NaN,NaN,NA,,,,NaN,NaN,NA,,,,NaN,NaN,NA,,,,NaN,NaN,NA,,,,NaN,NaN,NA,,,,NaN,NaN,NA,,,,NaN,NaN,NA,,,,NaN,NaN,NA,,,,NaN,NaN,NA,,,,NaN,NaN,NA,,,,NaN,NaN,NA,,
NM-Rest of State,,NaN,NaN,NA,,90.0,,NaN,NaN,NA,,,,NaN,NaN,NA,,,,NaN,NaN,NA,,,,NaN,NaN,NA,,,,NaN,NaN,NA,,,,NaN,NaN,NA,,,,NaN,NaN,NA,,,,NaN,NaN,NA,,,,NaN,NaN,NA,,,,NaN,NaN,NA,,,,NA,,,,NaN,NaN,NA,,,,NaN,NaN,NA,,,,NaN,NaN,NA,,,,NaN,NaN,NA,,,,NaN,NaN,NA,,,,NaN,NaN,NA,,,,NaN,NaN,NA,,,,NaN,NaN,NA,,,,NaN,NaN,NA,,,,NaN,NaN,NA,,,,NaN,NaN,NA,,,,NaN,NaN,NA,,,,NaN,NaN,NA,,
New York,92.5,89.8,94.6,(±2.3),543,90.0,59.7,54.6,64.6,(±5),543,,88.1,84.7,90.9,(±3.1),543,,90.7,87.5,93.1,(±2.7),543,,96.1,85.3,99.1,(±5.4),50,,91.4,82.6,96.0,(±6.3),79,,93.7,90.3,95.9,(±2.8),363,,92.5,80.3,97.4,(±7.7),40,,92.7,89.1,95.1,(±2.9),374,,91.1,84.7,95.0,(±5),125,,95.0,85.7,98.4,(±5.5),44,,,NA,,,95.9,83.9,99.0,(±5.9),56,,95.4,86.1,98.6,(±5.3),44,,94.2,88.7,97.1,(±4),123,,96.4,80.0,99.4,(±6.6),31,,,NaN,NaN,NA,,,89.4,84.6,92.8,(±4.1),285,,,NaN,NaN,NA,,,92.2,88.6,94.7,(±3),334,,92.9,87.4,96.1,(±4.2),189,,91.7,74.8,97.6,(±10),41,,94.2,91.3,96.2,(±2.4),427,,91.6,87.7,94.3,(±3.3),317,,93.4,89.1,96.1,(±3.3),226,
NY-City of New York,91.9,87.7,94.8,(±3.5),264,90.0,61.2,53.7,68.1,(±7.3),264,,86.4,81.1,90.5,(±4.7),264,,89.5,84.6,92.9,(±4.1),264,,,NaN,NaN,NA,,,85.4,70.8,93.4,(±11),44,,93.5,88.2,96.5,(±3.9),173,,,NaN,NaN,NA,,,93.4,88.1,96.5,(±4),169,,87.8,77.3,93.8,(±8),68,,,NaN,NaN,NA,,,,NA,,,95.3,73.2,99.3,(±9),33,,95.8,83.8,99.0,(±6),32,,92.4,84.0,96.5,(±5.9),78,,,NaN,NaN,NA,,,,NaN,NaN,NA,,,88.1,79.1,93.6,(±7),106,,,NaN,NaN,NA,,,91.9,87.7,94.8,(±3.5),264,,,NaN,NaN,NA,,,90.7,69.0,97.7,(±12.5),32,,94.9,90.6,97.3,(±3.1),189,,90.4,82.9,94.8,(±5.7),136,,92.9,87.2,96.2,(±4.3),128,
NY-Rest of State,93.1,89.2,95.7,(±3.1),279,90.0,58.1,51.1,64.9,(±6.9),279,,89.8,85.0,93.2,(±4),279,,91.9,87.4,94.8,(±3.6),279,,,NaN,NaN,NA,,,98.9,93.6,99.8,(±2),35,,93.9,88.7,96.8,(±3.9),190,,,NaN,NaN,NA,,,92.1,86.7,95.4,(±4.2),205,,95.2,87.3,98.3,(±4.8),57,,,NaN,NaN,NA,,,,NA,,,,NaN,NaN,NA,,,,NaN,NaN,NA,,,97.2,89.4,99.3,(±3.8),45,,,NaN,NaN,NA,,,,NaN,NaN,NA,,,90.2,84.0,94.1,(±5),179,,,NaN,NaN,NA,,,93.0,85.3,96.8,(±5.4),70,,92.9,87.4,96.1,(±4.2),189,,,NaN,NaN,NA,,,93.6,89.1,96.3,(±3.5),238,,92.4,87.7,95.5,(±3.8),181,,94.0,86.0,97.6,(±5.3),98,
North Carolina,92.2,87.2,95.3,(±3.9),298,90.0,61.8,53.8,69.1,(±7.7),298,,91.0,86.0,94.4,(±4.1),298,,91.7,86.7,94.9,(±4),298,,96.3,83.9,99.2,(±5.7),36,,76.9,58.1,88.9,(±15.5),59,,98.1,95.3,99.2,(±1.7),175,,,NaN,NaN,NA,,,89.5,82.5,93.9,(±5.6),233,,98.3,94.5,99.5,(±2),54,,,NaN,NaN,NA,,,,NA,,,,NaN,NaN,NA,,,97.1,82.0,99.6,(±5.6),32,,92.5,70.6,98.4,(±11.4),55,,,NaN,NaN,NA,,,,NaN,NaN,NA,,,90.8,83.8,94.9,(±5.4),186,,97.0,90.7,99.1,(±3.5),48,,93.0,84.7,96.9,(±5.7),128,,88.4,77.5,94.3,(±8.1),122,,,NaN,NaN,NA,,,96.5,91.4,98.6,(±3.2),227,,90.8,84.7,94.6,(±4.8),185,,93.5,83.9,97.5,(±6.2),113,
North Dakota,95.7,92.1,97.7,(±2.7),222,90.0,67.8,60.3,74.5,(±7.1),222,,91.7,86.9,94.8,(±3.9),222,,94.1,89.9,96.6,(±3.2),222,,100.0,NaN,NaN,(±0),43,,95.5,88.0,98.4,(±4.6),109,,100.0,NaN,NaN,(±0),31,,94.5,84.2,98.2,(±6.1),33,,94.6,89.7,97.3,(±3.6),175,,98.2,89.0,99.7,(±3.3),40,,,NaN,NaN,NA,,,,NA,,,,NaN,NaN,NA,,,,NaN,NaN,NA,,,,NaN,NaN,NA,,,,NaN,NaN,NA,,,,NaN,NaN,NA,,,94.1,88.9,96.9,(±3.8),166,,97.5,93.8,99.0,(±2.3),119,,94.7,87.4,97.9,(±4.8),76,,,NaN,NaN,NA,,,,NaN,NaN,NA,,,96.4,92.2,98.4,(±2.9),195,,93.5,87.6,96.7,(±4.3),145,,99.1,93.7,99.9,(±1.8),76,
Ohio,88.3,83.0,92.1,(±4.5),279,90.0,50.5,43.1,57.8,(±7.4),279,,82.4,75.9,87.3,(±5.7),279,,86.6,81.0,90.7,(±4.8),279,,83.5,66.9,92.7,(±12.6),49,,85.9,73.2,93.2,(±9.7),72,,94.6,86.6,98.0,(±5.1),131,,,NaN,NaN,NA,,,89.8,83.2,94.0,(±5.3),193,,83.1,71.4,90.7,(±9.5),78,,,NaN,NaN,NA,,,,NA,,,,NaN,NaN,NA,,,90.2,75.4,96.5,(±9.7),41,,,NaN,NaN,NA,,,,NaN,NaN,NA,,,,NaN,NaN,NA,,,88.3,81.4,92.8,(±5.6),177,,81.6,66.1,91.0,(±12.3),46,,89.2,80.5,94.3,(±6.7),115,,90.3,81.0,95.3,(±6.9),118,,,NaN,NaN,NA,,,93.6,88.2,96.7,(±4.1),201,,89.2,82.2,93.6,(±5.6),154,,87.4,78.6,92.9,(±7),123,
OH-Cuyahoga County,,NaN,NaN,NA,,90.0,,NaN,NaN,NA,,,,NaN,NaN,NA,,,,NaN,NaN,NA,,,,NaN,NaN,NA,,,,NaN,NaN,NA,,,,NaN,NaN,NA,,,,NaN,NaN,NA,,,,NaN,NaN,NA,,,,NaN,NaN,NA,,,,NaN,NaN,NA,,,,NA,,,,NaN,NaN,NA,,,,NaN,NaN,NA,,,,NaN,NaN,NA,,,,NaN,NaN,NA,,,,NaN,NaN,NA,,,,NaN,NaN,NA,,,,NaN,NaN,NA,,,,NaN,NaN,NA,,,,NaN,NaN,NA,,,,NaN,NaN,NA,,,,NaN,NaN,NA,,,,NaN,NaN,NA,,,,NaN,NaN,NA,,
OH-Franklin County,,NaN,NaN,NA,,90.0,,NaN,NaN,NA,,,,NaN,NaN,NA,,,,NaN,NaN,NA,,,,NaN,NaN,NA,,,,NaN,NaN,NA,,,,NaN,NaN,NA,,,,NaN,NaN,NA,,,,NaN,NaN,NA,,,,NaN,NaN,NA,,,,NaN,NaN,NA,,,,NA,,,,NaN,NaN,NA,,,,NaN,NaN,NA,,,,NaN,NaN,NA,,,,NaN,NaN,NA,,,,NaN,NaN,NA,,,,NaN,NaN,NA,,,,NaN,NaN,NA,,,,NaN,NaN,NA,,,,NaN,NaN,NA,,,,NaN,NaN,NA,,,,NaN,NaN,NA,,,,NaN,NaN,NA,,,,NaN,NaN,NA,,
OH-Rest of State,,NaN,NaN,NA,,90.0,,NaN,NaN,NA,,,,NaN,NaN,NA,,,,NaN,NaN,NA,,,,NaN,NaN,NA,,,,NaN,NaN,NA,,,,NaN,NaN,NA,,,,NaN,NaN,NA,,,,NaN,NaN,NA,,,,NaN,NaN,NA,,,,NaN,NaN,NA,,,,NA,,,,NaN,NaN,NA,,,,NaN,NaN,NA,,,,NaN,NaN,NA,,,,NaN,NaN,NA,,,,NaN,NaN,NA,,,,NaN,NaN,NA,,,,NaN,NaN,NA,,,,NaN,NaN,NA,,,,NaN,NaN,NA,,,,NaN,NaN,NA,,,,NaN,NaN,NA,,,,NaN,NaN,NA,,,,NaN,NaN,NA,,
Oklahoma,91.7,86.9,94.9,(±3.9),219,90.0,59.5,51.4,67.0,(±7.8),219,,86.0,80.2,90.4,(±5.1),219,,89.1,83.7,92.8,(±4.5),219,,94.7,78.9,98.8,(±7.9),37,,82.6,63.7,92.8,(±14.3),40,,95.9,90.0,98.4,(±3.8),98,,96.7,79.9,99.5,(±6.4),35,,90.5,84.3,94.4,(±4.9),155,,93.7,81.3,98.1,(±7.3),58,,,NaN,NaN,NA,,,,NA,,,,NaN,NaN,NA,,,,NaN,NaN,NA,,,91.6,80.7,96.6,(±7.4),45,,,NaN,NaN,NA,,,,NaN,NaN,NA,,,92.8,86.1,96.4,(±4.9),109,,92.1,81.6,96.8,(±7),75,,92.1,84.3,96.2,(±5.7),81,,90.7,78.9,96.2,(±8.1),63,,,NaN,NaN,NA,,,95.9,91.5,98.1,(±3),171,,90.3,83.5,94.5,(±5.4),109,,92.6,84.9,96.6,(±5.5),110,
Oregon,90.3,85.2,93.7,(±4.2),254,90.0,55.0,47.4,62.4,(±7.5),254,,83.6,77.3,88.3,(±5.5),254,,87.4,81.7,91.5,(±4.8),254,,97.2,82.4,99.6,(±5.5),42,,79.4,59.1,91.1,(±16),38,,93.1,87.1,96.4,(±4.4),144,,,NaN,NaN,NA,,,94.4,90.4,96.8,(±3.1),194,,79.8,66.0,88.9,(±11.4),56,,,NaN,NaN,NA,,,,NA,,,,NaN,NaN,NA,,,,NaN,NaN,NA,,,96.0,87.0,98.9,(±4.9),48,,,NaN,NaN,NA,,,,NaN,NaN,NA,,,87.0,79.5,92.0,(±6.1),173,,85.8,70.5,93.9,(±11.3),51,,94.6,87.9,97.7,(±4.5),133,,84.5,72.6,91.9,(±9.5),70,,,NaN,NaN,NA,,,95.1,91.2,97.3,(±2.9),206,,94.6,89.8,97.2,(±3.5),145,,86.0,76.9,91.8,(±7.3),107,
Pennsylvania,91.7,85.9,95.3,(±4.6),543,90.0,59.1,51.8,66.0,(±7.2),543,,90.1,84.4,93.9,(±4.7),543,,91.3,85.5,94.9,(±4.6),543,,91.7,62.1,98.7,(±14.5),62,,85.0,68.9,93.6,(±12),163,,97.6,93.1,99.2,(±2.6),275,,97.9,92.6,99.4,(±2.7),36,,92.9,87.8,96.0,(±3.9),402,,96.5,86.0,99.2,(±5),117,,,NaN,NaN,NA,,,,NA,,,97.1,81.5,99.6,(±5.7),48,,93.3,79.2,98.1,(±8.1),71,,96.5,90.5,98.8,(±3.6),87,,,NaN,NaN,NA,,,,NaN,NaN,NA,,,90.9,81.7,95.7,(±6.7),304,,,NaN,NaN,NA,,,94.1,87.2,97.4,(±4.7),261,,91.2,80.8,96.2,(±7.2),262,,96.9,80.1,99.6,(±6.2),33,,95.0,90.6,97.4,(±3.2),450,,90.0,80.3,95.2,(±7.1),333,,95.5,90.1,98.0,(±3.6),207,
PA-Allegheny County,,NaN,NaN,NA,,90.0,,NaN,NaN,NA,,,,NaN,NaN,NA,,,,NaN,NaN,NA,,,,NaN,NaN,NA,,,,NaN,NaN,NA,,,,NaN,NaN,NA,,,,NaN,NaN,NA,,,,NaN,NaN,NA,,,,NaN,NaN,NA,,,,NaN,NaN,NA,,,,NA,,,,NaN,NaN,NA,,,,NaN,NaN,NA,,,,NaN,NaN,NA,,,,NaN,NaN,NA,,,,NaN,NaN,NA,,,,NaN,NaN,NA,,,,NaN,NaN,NA,,,,NaN,NaN,NA,,,,NaN,NaN,NA,,,,NaN,NaN,NA,,,,NaN,NaN,NA,,,,NaN,NaN,NA,,,,NaN,NaN,NA,,
PA-Philadelphia,95.4,90.4,97.9,(±3.5),195,90.0,56.9,48.4,65.1,(±8.5),195,,91.1,85.5,94.7,(±4.5),195,,93.3,87.9,96.4,(±4.1),195,,,NaN,NaN,NA,,,94.1,82.4,98.2,(±6.8),76,,98.2,93.1,99.6,(±2.5),77,,,NaN,NaN,NA,,,94.9,85.8,98.3,(±5.5),110,,97.4,92.8,99.1,(±2.7),72,,,NaN,NaN,NA,,,,NA,,,,NaN,NaN,NA,,,98.8,91.8,99.8,(±2.4),54,,90.9,74.1,97.2,(±10.3),51,,,NaN,NaN,NA,,,,NaN,NaN,NA,,,91.9,76.5,97.5,(±9.3),61,,,NaN,NaN,NA,,,95.4,90.4,97.9,(±3.5),195,,,NaN,NaN,NA,,,,NaN,NaN,NA,,,95.8,89.6,98.4,(±3.9),161,,98.6,90.6,99.8,(±2.8),77,,94.3,87.5,97.5,(±4.6),118,
PA-Rest of State,91.0,84.0,95.1,(±5.4),348,90.0,59.5,51.0,67.5,(±8.3),348,,89.9,83.0,94.2,(±5.5),348,,90.9,83.9,95.0,(±5.4),348,,90.8,59.1,98.5,(±16.1),46,,82.1,61.4,92.9,(±15.6),87,,97.5,92.3,99.2,(±2.9),198,,,NaN,NaN,NA,,,92.7,87.0,96.0,(±4.3),292,,96.1,78.4,99.4,(±7.2),45,,,NaN,NaN,NA,,,,NA,,,96.4,77.9,99.5,(±7),31,,,NaN,NaN,NA,,,98.7,91.2,99.8,(±2.5),36,,,NaN,NaN,NA,,,,NaN,NaN,NA,,,90.8,80.9,95.8,(±7.1),243,,,NaN,NaN,NA,,,93.1,80.7,97.8,(±7.5),66,,91.2,80.8,96.2,(±7.2),262,,,NaN,NaN,NA,,,94.8,89.5,97.5,(±3.7),289,,89.3,78.9,94.9,(±7.7),256,,96.0,87.6,98.8,(±4.7),89,
Rhode Island,95.3,91.2,97.5,(±3),249,90.0,67.3,60.3,73.6,(±6.7),249,,92.1,87.1,95.3,(±4),249,,94.2,90.0,96.7,(±3.3),249,,,NaN,NaN,NA,,,,NaN,NaN,NA,,,97.2,90.3,99.2,(±3.6),170,,94.1,79.1,98.6,(±8),32,,94.5,89.0,97.3,(±3.9),189,,98.1,87.9,99.7,(±3.6),50,,,NaN,NaN,NA,,,,NA,,,,NaN,NaN,NA,,,,NaN,NaN,NA,,,93.5,84.9,97.4,(±5.7),71,,,NaN,NaN,NA,,,,NaN,NaN,NA,,,95.4,88.2,98.3,(±4.5),140,,,NaN,NaN,NA,,,98.4,89.4,99.8,(±3.1),59,,94.2,88.9,97.1,(±3.9),190,,,NaN,NaN,NA,,,97.2,92.7,99.0,(±2.8),226,,94.9,89.8,97.5,(±3.6),151,,95.7,86.7,98.7,(±5.1),97,
South Carolina,88.0,81.6,92.4,(±5.3),238,90.0,47.0,38.7,55.5,(±8.4),238,,83.1,75.6,88.6,(±6.5),238,,86.3,79.6,91.0,(±5.7),238,,95.6,86.0,98.7,(±5.3),32,,86.8,71.3,94.6,(±11.2),44,,87.0,76.5,93.2,(±8.2),136,,,NaN,NaN,NA,,,87.5,79.7,92.6,(±6.3),172,,86.3,71.4,94.1,(±10.9),57,,,NaN,NaN,NA,,,,NA,,,,NaN,NaN,NA,,,77.5,59.4,89.1,(±15),33,,,NaN,NaN,NA,,,,NaN,NaN,NA,,,,NaN,NaN,NA,,,91.6,86.0,95.1,(±4.4),154,,,NaN,NaN,NA,,,96.2,90.5,98.5,(±3.6),98,,82.0,71.5,89.2,(±8.8),113,,,NaN,NaN,NA,,,88.1,80.4,93.1,(±6.2),186,,90.9,84.0,95.0,(±5.3),130,,85.5,75.1,92.1,(±8.4),107,
South Dakota,89.9,84.2,93.7,(±4.6),244,90.0,58.4,50.7,65.7,(±7.6),244,,85.8,79.6,90.4,(±5.4),244,,89.2,83.5,93.1,(±4.7),244,,98.6,90.8,99.8,(±2.7),44,,83.1,71.2,90.7,(±9.6),99,,98.8,91.9,99.8,(±2.3),55,,89.1,73.4,96.0,(±10.6),42,,91.2,84.7,95.1,(±5),192,,88.9,72.7,96.0,(±10.8),43,,,NaN,NaN,NA,,,,NA,,,,NaN,NaN,NA,,,,NaN,NaN,NA,,,,NaN,NaN,NA,,,,NaN,NaN,NA,,,,NaN,NaN,NA,,,93.3,88.9,96.0,(±3.5),177,,91.9,84.7,95.9,(±5.3),128,,93.6,84.8,97.5,(±5.8),72,,78.2,57.6,90.4,(±16.5),44,,,NaN,NaN,NA,,,95.1,90.1,97.7,(±3.5),209,,91.6,86.0,95.1,(±4.4),142,,88.0,77.2,94.1,(±8.2),101,
Tennessee,92.3,87.0,95.6,(±4.2),272,90.0,56.0,48.2,63.5,(±7.7),272,,84.8,78.1,89.8,(±5.8),272,,89.0,82.7,93.3,(±5.2),272,,90.3,65.2,97.9,(±14),42,,,NaN,NaN,NA,,,95.3,89.3,98.0,(±4),185,,,NaN,NaN,NA,,,91.0,83.4,95.3,(±5.7),189,,93.0,81.4,97.6,(±7.2),69,,,NaN,NaN,NA,,,,NA,,,,NaN,NaN,NA,,,,NaN,NaN,NA,,,95.2,81.2,98.9,(±7),41,,,NaN,NaN,NA,,,,NaN,NaN,NA,,,92.9,86.1,96.5,(±4.9),190,,94.0,77.0,98.6,(±8.7),56,,91.9,82.7,96.5,(±6.4),128,,91.6,82.7,96.1,(±6.3),88,,91.4,71.1,97.9,(±11.5),57,,95.5,89.4,98.2,(±3.9),188,,90.4,81.0,95.4,(±6.9),134,,93.4,85.8,97.1,(±5.2),137,
TN-Davidson County,,NaN,NaN,NA,,90.0,,NaN,NaN,NA,,,,NaN,NaN,NA,,,,NaN,NaN,NA,,,,NaN,NaN,NA,,,,NaN,NaN,NA,,,,NaN,NaN,NA,,,,NaN,NaN,NA,,,,NaN,NaN,NA,,,,NaN,NaN,NA,,,,NaN,NaN,NA,,,,NA,,,,NaN,NaN,NA,,,,NaN,NaN,NA,,,,NaN,NaN,NA,,,,NaN,NaN,NA,,,,NaN,NaN,NA,,,,NaN,NaN,NA,,,,NaN,NaN,NA,,,,NaN,NaN,NA,,,,NaN,NaN,NA,,,,NaN,NaN,NA,,,,NaN,NaN,NA,,,,NaN,NaN,NA,,,,NaN,NaN,NA,,
TN-Shelby County,,NaN,NaN,NA,,90.0,,NaN,NaN,NA,,,,NaN,NaN,NA,,,,NaN,NaN,NA,,,,NaN,NaN,NA,,,,NaN,NaN,NA,,,,NaN,NaN,NA,,,,NaN,NaN,NA,,,,NaN,NaN,NA,,,,NaN,NaN,NA,,,,NaN,NaN,NA,,,,NA,,,,NaN,NaN,NA,,,,NaN,NaN,NA,,,,NaN,NaN,NA,,,,NaN,NaN,NA,,,,NaN,NaN,NA,,,,NaN,NaN,NA,,,,NaN,NaN,NA,,,,NaN,NaN,NA,,,,NaN,NaN,NA,,,,NaN,NaN,NA,,,,NaN,NaN,NA,,,,NaN,NaN,NA,,,,NaN,NaN,NA,,
TN-Rest of State,,NaN,NaN,NA,,90.0,,NaN,NaN,NA,,,,NaN,NaN,NA,,,,NaN,NaN,NA,,,,NaN,NaN,NA,,,,NaN,NaN,NA,,,,NaN,NaN,NA,,,,NaN,NaN,NA,,,,NaN,NaN,NA,,,,NaN,NaN,NA,,,,NaN,NaN,NA,,,,NA,,,,NaN,NaN,NA,,,,NaN,NaN,NA,,,,NaN,NaN,NA,,,,NaN,NaN,NA,,,,NaN,NaN,NA,,,,NaN,NaN,NA,,,,NaN,NaN,NA,,,,NaN,NaN,NA,,,,NaN,NaN,NA,,,,NaN,NaN,NA,,,,NaN,NaN,NA,,,,NaN,NaN,NA,,,,NaN,NaN,NA,,
Texas,90.3,87.8,92.4,(±2.3),1545,90.0,65.8,62.2,69.3,(±3.6),1545,,87.4,84.7,89.7,(±2.5),1545,,89.3,86.7,91.4,(±2.4),1545,,94.5,87.8,97.6,(±4.5),199,,82.5,71.6,89.8,(±9),155,,92.7,89.9,94.8,(±2.4),987,,89.4,79.8,94.7,(±7.2),184,,92.9,90.2,94.9,(±2.3),968,,85.3,79.3,89.8,(±5.2),471,,92.6,83.6,96.9,(±6.2),106,,,NA,,,93.5,84.1,97.5,(±6.1),93,,81.2,67.2,90.1,(±11.4),89,,91.6,88.4,93.9,(±2.7),797,,88.5,68.5,96.5,(±12.9),75,,,NaN,NaN,NA,,,90.9,85.6,94.3,(±4.3),480,,87.5,73.5,94.6,(±10.1),78,,88.8,84.9,91.8,(±3.4),995,,92.6,88.8,95.2,(±3.1),472,,93.3,86.1,96.9,(±5.1),186,,92.5,89.8,94.5,(±2.3),1183,,92.6,89.5,94.9,(±2.6),759,,88.5,84.5,91.6,(±3.5),782,
TX-Bexar County,96.1,92.5,98.0,(±2.6),239,90.0,61.4,54.0,68.2,(±7.1),239,,90.4,85.3,93.9,(±4.2),239,,93.9,89.3,96.6,(±3.5),239,,,NaN,NaN,NA,,,100.0,NaN,NaN,(±0),30,,96.8,92.8,98.6,(±2.7),158,,,NaN,NaN,NA,,,97.8,93.9,99.2,(±2.3),152,,93.0,84.7,96.9,(±5.7),75,,,NaN,NaN,NA,,,,NA,,,,NaN,NaN,NA,,,,NaN,NaN,NA,,,95.9,90.8,98.2,(±3.4),140,,,NaN,NaN,NA,,,,NaN,NaN,NA,,,97.7,90.5,99.5,(±3.4),64,,,NaN,NaN,NA,,,95.8,92.1,97.9,(±2.7),222,,,NaN,NaN,NA,,,,NaN,NaN,NA,,,96.4,92.1,98.4,(±2.9),190,,97.7,92.6,99.3,(±2.7),120,,95.1,89.7,97.8,(±3.8),119,
TX-City of Houston,87.8,79.3,93.2,(±6.8),122,90.0,64.3,52.9,74.2,(±10.8),122,,86.6,77.7,92.2,(±7.1),122,,87.8,79.3,93.2,(±6.8),122,,,NaN,NaN,NA,,,,NaN,NaN,NA,,,88.7,76.2,95.1,(±9),73,,,NaN,NaN,NA,,,94.5,81.6,98.5,(±7),58,,80.2,64.4,90.1,(±12.8),50,,,NaN,NaN,NA,,,,NA,,,,NaN,NaN,NA,,,,NaN,NaN,NA,,,85.0,71.2,92.9,(±10.6),67,,,NaN,NaN,NA,,,,NaN,NaN,NA,,,93.0,74.9,98.3,(±9.7),30,,,NaN,NaN,NA,,,87.8,79.3,93.2,(±6.8),122,,,NaN,NaN,NA,,,,NaN,NaN,NA,,,91.2,82.6,95.7,(±6.3),99,,91.8,78.0,97.3,(±8.7),50,,85.5,73.3,92.6,(±9.4),72,
TX-Dallas County,93.2,87.0,96.6,(±4.6),167,90.0,57.3,48.1,66.0,(±9),167,,86.4,78.9,91.5,(±6.2),167,,91.1,84.2,95.1,(±5.3),167,,,NaN,NaN,NA,,,,NaN,NaN,NA,,,89.9,81.0,94.9,(±6.7),119,,,NaN,NaN,NA,,,97.2,90.9,99.1,(±3.4),93,,93.4,81.7,97.8,(±7.1),58,,,NaN,NaN,NA,,,,NA,,,,NaN,NaN,NA,,,,NaN,NaN,NA,,,93.2,83.2,97.5,(±6.5),80,,,NaN,NaN,NA,,,,NaN,NaN,NA,,,89.7,70.1,97.0,(±12.1),49,,,NaN,NaN,NA,,,95.9,89.4,98.5,(±4),129,,85.1,66.4,94.3,(±13.5),38,,86.9,63.2,96.2,(±15.4),37,,93.5,85.9,97.1,(±5.2),109,,89.2,73.9,96.0,(±10.3),62,,94.7,87.1,97.9,(±4.9),105,
TX-El Paso County,89.3,82.7,93.5,(±5.3),198,90.0,59.6,51.0,67.6,(±8.3),198,,85.1,78.2,90.2,(±5.9),198,,89.0,82.4,93.3,(±5.3),198,,86.1,66.8,95.0,(±13.4),32,,,NaN,NaN,NA,,,92.0,83.9,96.2,(±5.8),136,,,NaN,NaN,NA,,,82.6,70.9,90.3,(±9.6),109,,94.2,86.1,97.7,(±5.2),73,,,NaN,NaN,NA,,,,NA,,,,NaN,NaN,NA,,,,NaN,NaN,NA,,,90.8,84.2,94.8,(±5.2),166,,,NaN,NaN,NA,,,,NaN,NaN,NA,,,,NaN,NaN,NA,,,,NaN,NaN,NA,,,88.9,81.8,93.5,(±5.7),178,,,NaN,NaN,NA,,,,NaN,NaN,NA,,,93.0,86.8,96.4,(±4.6),173,,85.7,68.8,94.2,(±12.2),56,,90.6,83.3,94.9,(±5.6),142,
TX-Hidalgo County,,NaN,NaN,NA,,90.0,,NaN,NaN,NA,,,,NaN,NaN,NA,,,,NaN,NaN,NA,,,,NaN,NaN,NA,,,,NaN,NaN,NA,,,,NaN,NaN,NA,,,,NaN,NaN,NA,,,,NaN,NaN,NA,,,,NaN,NaN,NA,,,,NaN,NaN,NA,,,,NA,,,,NaN,NaN,NA,,,,NaN,NaN,NA,,,,NaN,NaN,NA,,,,NaN,NaN,NA,,,,NaN,NaN,NA,,,,NaN,NaN,NA,,,,NaN,NaN,NA,,,,NaN,NaN,NA,,,,NaN,NaN,NA,,,,NaN,NaN,NA,,,,NaN,NaN,NA,,,,NaN,NaN,NA,,,,NaN,NaN,NA,,
TX-Travis County,92.1,87.1,95.3,(±4),220,90.0,62.7,55.3,69.5,(±7.1),220,,87.3,81.5,91.4,(±4.9),220,,89.8,84.4,93.5,(±4.5),220,,,NaN,NaN,NA,,,,NaN,NaN,NA,,,93.7,86.2,97.2,(±5.1),145,,95.3,82.5,98.9,(±6.5),42,,90.3,82.7,94.8,(±5.8),141,,95.6,86.3,98.7,(±5.2),64,,,NaN,NaN,NA,,,,NA,,,,NaN,NaN,NA,,,,NaN,NaN,NA,,,95.1,89.4,97.8,(±3.9),104,,,NaN,NaN,NA,,,,NaN,NaN,NA,,,87.0,75.6,93.5,(±8.7),86,,,NaN,NaN,NA,,,93.2,88.4,96.1,(±3.7),189,,86.6,62.8,96.1,(±15.6),31,,97.8,85.5,99.7,(±4.4),31,,95.0,88.5,97.9,(±4.3),162,,91.6,85.2,95.4,(±4.9),128,,92.7,82.6,97.1,(±6.6),91,
TX-Rest of State,89.7,85.9,92.6,(±3.3),599,90.0,68.6,63.5,73.3,(±4.9),599,,87.5,83.5,90.6,(±3.5),599,,88.8,85.0,91.8,(±3.4),599,,92.8,82.6,97.2,(±6.7),89,,79.9,64.6,89.7,(±12.5),71,,93.7,89.6,96.3,(±3.2),356,,87.6,72.3,95.0,(±10.8),73,,92.3,88.4,94.9,(±3.2),415,,82.6,72.9,89.3,(±8.1),151,,96.4,78.3,99.5,(±7),33,,,NA,,,93.6,76.6,98.5,(±9),43,,74.9,53.7,88.5,(±17.8),31,,92.0,87.3,95.0,(±3.8),240,,86.2,61.9,96.0,(±16),48,,,NaN,NaN,NA,,,90.5,83.1,94.9,(±5.7),233,,87.5,73.5,94.6,(±10.1),78,,82.1,71.8,89.1,(±8.6),155,,93.1,89.0,95.8,(±3.3),366,,93.9,83.2,98.0,(±6.5),82,,92.0,88.0,94.8,(±3.3),450,,93.0,88.8,95.7,(±3.4),343,,86.6,80.2,91.2,(±5.5),253,
Utah,88.7,83.5,92.5,(±4.4),249,90.0,63.3,56.1,69.8,(±6.9),249,,84.3,78.5,88.7,(±5.1),249,,87.3,81.9,91.3,(±4.7),249,,89.0,75.2,95.6,(±9.6),57,,,NaN,NaN,NA,,,95.4,90.5,97.8,(±3.4),134,,,NaN,NaN,NA,,,89.9,84.3,93.6,(±4.6),205,,84.0,66.4,93.3,(±13.2),40,,,NaN,NaN,NA,,,,NA,,,,NaN,NaN,NA,,,,NaN,NaN,NA,,,90.0,73.4,96.7,(±10.6),40,,,NaN,NaN,NA,,,,NaN,NaN,NA,,,87.4,80.8,91.9,(±5.5),188,,,NaN,NaN,NA,,,90.2,81.3,95.1,(±6.6),89,,87.6,79.4,92.8,(±6.6),135,,,NaN,NaN,NA,,,92.1,86.6,95.5,(±4.3),202,,88.6,81.8,93.1,(±5.6),163,,88.8,78.9,94.4,(±7.5),85,
Vermont,93.7,89.1,96.4,(±3.5),251,90.0,67.5,60.3,74.0,(±6.9),251,,90.8,85.3,94.4,(±4.4),251,,92.0,86.9,95.2,(±4),251,,88.7,68.4,96.6,(±12.9),34,,97.9,86.9,99.7,(±4),54,,96.1,87.4,98.9,(±4.8),110,,97.9,86.5,99.7,(±4.1),47,,95.1,90.3,97.6,(±3.4),201,,88.5,74.0,95.4,(±10.1),47,,,NaN,NaN,NA,,,,NA,,,,NaN,NaN,NA,,,,NaN,NaN,NA,,,,NaN,NaN,NA,,,,NaN,NaN,NA,,,,NaN,NaN,NA,,,93.9,88.8,96.7,(±3.8),210,,94.1,87.5,97.4,(±4.6),141,,85.7,65.5,95.0,(±14.1),33,,96.8,89.7,99.1,(±3.9),77,,,NaN,NaN,NA,,,95.8,91.0,98.1,(±3.3),233,,94.6,88.4,97.6,(±4.3),143,,93.5,85.6,97.2,(±5.4),107,
Virginia,97.6,94.8,98.9,(±1.9),356,90.0,61.7,52.4,70.3,(±9),356,,96.1,92.7,97.9,(±2.5),356,,97.2,94.2,98.6,(±2.1),356,,99.7,97.7,100.0,(±0.6),53,,98.2,93.2,99.5,(±2.5),32,,98.3,95.7,99.3,(±1.6),254,,,NaN,NaN,NA,,,96.9,93.4,98.6,(±2.4),324,,,NaN,NaN,NA,,,,NaN,NaN,NA,,,,NA,,,,NaN,NaN,NA,,,,NaN,NaN,NA,,,98.1,91.9,99.6,(±2.8),49,,99.6,98.4,99.9,(±0.5),36,,,NaN,NaN,NA,,,96.1,90.3,98.5,(±3.6),227,,,NaN,NaN,NA,,,96.8,90.0,99.0,(±3.8),166,,98.0,95.1,99.2,(±1.8),178,,99.7,97.9,100.0,(±0.6),116,,98.7,96.5,99.5,(±1.3),194,,96.4,91.6,98.5,(±3.1),290,,99.2,96.8,99.8,(±1.1),65,
Washington,88.5,82.6,92.6,(±4.9),272,90.0,61.2,53.2,68.7,(±7.8),272,,85.8,79.6,90.4,(±5.4),272,,87.9,82.0,92.1,(±5),272,,93.2,76.1,98.3,(±9.3),45,,88.8,76.5,95.1,(±8.9),55,,92.1,84.3,96.2,(±5.6),126,,84.0,63.7,94.0,(±14.7),39,,87.1,80.3,91.7,(±5.7),230,,92.5,67.7,98.6,(±12.3),36,,,NaN,NaN,NA,,,,NA,,,,NaN,NaN,NA,,,,NaN,NaN,NA,,,87.6,70.4,95.4,(±11.8),50,,93.8,77.5,98.5,(±8.6),33,,,NaN,NaN,NA,,,87.0,78.6,92.4,(±6.8),157,,,NaN,NaN,NA,,,92.0,85.2,95.8,(±5.1),148,,85.1,73.5,92.2,(±9.1),103,,,NaN,NaN,NA,,,90.3,84.1,94.2,(±4.9),229,,89.8,81.8,94.5,(±6.1),176,,87.0,76.6,93.2,(±8.1),96,
WA-Eastern WA Counties,,NaN,NaN,NA,,90.0,,NaN,NaN,NA,,,,NaN,NaN,NA,,,,NaN,NaN,NA,,,,NaN,NaN,NA,,,,NaN,NaN,NA,,,,NaN,NaN,NA,,,,NaN,NaN,NA,,,,NaN,NaN,NA,,,,NaN,NaN,NA,,,,NaN,NaN,NA,,,,NA,,,,NaN,NaN,NA,,,,NaN,NaN,NA,,,,NaN,NaN,NA,,,,NaN,NaN,NA,,,,NaN,NaN,NA,,,,NaN,NaN,NA,,,,NaN,NaN,NA,,,,NaN,NaN,NA,,,,NaN,NaN,NA,,,,NaN,NaN,NA,,,,NaN,NaN,NA,,,,NaN,NaN,NA,,,,NaN,NaN,NA,,
WA-King County,,NaN,NaN,NA,,90.0,,NaN,NaN,NA,,,,NaN,NaN,NA,,,,NaN,NaN,NA,,,,NaN,NaN,NA,,,,NaN,NaN,NA,,,,NaN,NaN,NA,,,,NaN,NaN,NA,,,,NaN,NaN,NA,,,,NaN,NaN,NA,,,,NaN,NaN,NA,,,,NA,,,,NaN,NaN,NA,,,,NaN,NaN,NA,,,,NaN,NaN,NA,,,,NaN,NaN,NA,,,,NaN,NaN,NA,,,,NaN,NaN,NA,,,,NaN,NaN,NA,,,,NaN,NaN,NA,,,,NaN,NaN,NA,,,,NaN,NaN,NA,,,,NaN,NaN,NA,,,,NaN,NaN,NA,,,,NaN,NaN,NA,,
WA-Western Counties,,NaN,NaN,NA,,90.0,,NaN,NaN,NA,,,,NaN,NaN,NA,,,,NaN,NaN,NA,,,,NaN,NaN,NA,,,,NaN,NaN,NA,,,,NaN,NaN,NA,,,,NaN,NaN,NA,,,,NaN,NaN,NA,,,,NaN,NaN,NA,,,,NaN,NaN,NA,,,,NA,,,,NaN,NaN,NA,,,,NaN,NaN,NA,,,,NaN,NaN,NA,,,,NaN,NaN,NA,,,,NaN,NaN,NA,,,,NaN,NaN,NA,,,,NaN,NaN,NA,,,,NaN,NaN,NA,,,,NaN,NaN,NA,,,,NaN,NaN,NA,,,,NaN,NaN,NA,,,,NaN,NaN,NA,,,,NaN,NaN,NA,,
WA-Eastern/Western WA,,NaN,NaN,NA,,90.0,,NaN,NaN,NA,,,,NaN,NaN,NA,,,,NaN,NaN,NA,,,,NaN,NaN,NA,,,,NaN,NaN,NA,,,,NaN,NaN,NA,,,,NaN,NaN,NA,,,,NaN,NaN,NA,,,,NaN,NaN,NA,,,,NaN,NaN,NA,,,,NA,,,,NaN,NaN,NA,,,,NaN,NaN,NA,,,,NaN,NaN,NA,,,,NaN,NaN,NA,,,,NaN,NaN,NA,,,,NaN,NaN,NA,,,,NaN,NaN,NA,,,,NaN,NaN,NA,,,,NaN,NaN,NA,,,,NaN,NaN,NA,,,,NaN,NaN,NA,,,,NaN,NaN,NA,,,,NaN,NaN,NA,,
WA-Rest of State,,NaN,NaN,NA,,90.0,,NaN,NaN,NA,,,,NaN,NaN,NA,,,,NaN,NaN,NA,,,,NaN,NaN,NA,,,,NaN,NaN,NA,,,,NaN,NaN,NA,,,,NaN,NaN,NA,,,,NaN,NaN,NA,,,,NaN,NaN,NA,,,,NaN,NaN,NA,,,,NA,,,,NaN,NaN,NA,,,,NaN,NaN,NA,,,,NaN,NaN,NA,,,,NaN,NaN,NA,,,,NaN,NaN,NA,,,,NaN,NaN,NA,,,,NaN,NaN,NA,,,,NaN,NaN,NA,,,,NaN,NaN,NA,,,,NaN,NaN,NA,,,,NaN,NaN,NA,,,,NaN,NaN,NA,,,,NaN,NaN,NA,,
West Virginia,89.9,84.8,93.4,(±4.2),298,90.0,48.5,41.9,55.3,(±6.7),298,,84.8,79.2,89.2,(±5),298,,85.6,79.9,89.9,(±5),298,,88.6,73.2,95.7,(±10.6),59,,80.2,62.4,90.8,(±14.1),51,,93.7,86.6,97.2,(±4.9),143,,94.0,81.8,98.2,(±7),41,,89.7,83.8,93.7,(±4.8),207,,89.7,77.9,95.6,(±8.4),84,,,NaN,NaN,NA,,,,NA,,,,NaN,NaN,NA,,,,NaN,NaN,NA,,,,NaN,NaN,NA,,,,NaN,NaN,NA,,,,NaN,NaN,NA,,,91.0,85.7,94.4,(±4.3),256,,93.8,88.2,96.9,(±4.1),107,,86.5,74.7,93.3,(±9.1),89,,89.4,79.4,94.9,(±7.4),102,,,NaN,NaN,NA,,,93.2,88.0,96.3,(±4),250,,93.0,86.9,96.3,(±4.5),149,,88.2,80.5,93.1,(±6.2),148,
Wisconsin,89.9,83.7,93.9,(±5),218,90.0,67.0,59.2,74.0,(±7.5),218,,88.0,81.7,92.3,(±5.2),218,,88.7,82.5,93.0,(±5.2),218,,89.1,70.2,96.6,(±12.1),37,,91.2,78.9,96.6,(±8.2),81,,90.8,76.7,96.7,(±9.2),70,,,NaN,NaN,NA,,,92.3,85.1,96.1,(±5.3),173,,82.5,66.2,92.0,(±12.7),40,,,NaN,NaN,NA,,,,NA,,,,NaN,NaN,NA,,,,NaN,NaN,NA,,,,NaN,NaN,NA,,,,NaN,NaN,NA,,,,NaN,NaN,NA,,,91.2,83.3,95.6,(±5.9),159,,90.6,78.2,96.3,(±8.4),60,,89.1,79.1,94.7,(±7.5),94,,90.4,75.1,96.7,(±9.9),64,,,NaN,NaN,NA,,,93.3,85.4,97.1,(±5.5),148,,93.9,87.1,97.2,(±4.7),147,,84.4,72.1,91.9,(±9.7),71,
WI-Milwaukee County,,NaN,NaN,NA,,90.0,,NaN,NaN,NA,,,,NaN,NaN,NA,,,,NaN,NaN,NA,,,,NaN,NaN,NA,,,,NaN,NaN,NA,,,,NaN,NaN,NA,,,,NaN,NaN,NA,,,,NaN,NaN,NA,,,,NaN,NaN,NA,,,,NaN,NaN,NA,,,,NA,,,,NaN,NaN,NA,,,,NaN,NaN,NA,,,,NaN,NaN,NA,,,,NaN,NaN,NA,,,,NaN,NaN,NA,,,,NaN,NaN,NA,,,,NaN,NaN,NA,,,,NaN,NaN,NA,,,,NaN,NaN,NA,,,,NaN,NaN,NA,,,,NaN,NaN,NA,,,,NaN,NaN,NA,,,,NaN,NaN,NA,,
WI-Rest of State,,NaN,NaN,NA,,90.0,,NaN,NaN,NA,,,,NaN,NaN,NA,,,,NaN,NaN,NA,,,,NaN,NaN,NA,,,,NaN,NaN,NA,,,,NaN,NaN,NA,,,,NaN,NaN,NA,,,,NaN,NaN,NA,,,,NaN,NaN,NA,,,,NaN,NaN,NA,,,,NA,,,,NaN,NaN,NA,,,,NaN,NaN,NA,,,,NaN,NaN,NA,,,,NaN,NaN,NA,,,,NaN,NaN,NA,,,,NaN,NaN,NA,,,,NaN,NaN,NA,,,,NaN,NaN,NA,,,,NaN,NaN,NA,,,,NaN,NaN,NA,,,,NaN,NaN,NA,,,,NaN,NaN,NA,,,,NaN,NaN,NA,,
Wyoming,89.1,84.0,92.8,(±4.3),267,90.0,62.4,55.4,68.9,(±6.8),267,,86.3,80.8,90.4,(±4.8),267,,87.6,82.3,91.5,(±4.5),267,,90.8,77.2,96.6,(±8.9),51,,79.6,64.8,89.2,(±12.2),57,,95.1,88.8,98.0,(±4.2),119,,96.7,79.9,99.5,(±6.4),33,,90.8,85.5,94.2,(±4.3),217,,80.8,62.3,91.4,(±14.5),41,,,NaN,NaN,NA,,,,NA,,,,NaN,NaN,NA,,,,NaN,NaN,NA,,,,NaN,NaN,NA,,,,NaN,NaN,NA,,,,NaN,NaN,NA,,,88.7,83.1,92.6,(±4.6),218,,86.6,79.1,91.7,(±6.2),173,,94.1,88.1,97.2,(±4.3),89,,,NaN,NaN,NA,,,,NaN,NaN,NA,,,92.5,87.9,95.4,(±3.7),236,,87.6,80.4,92.3,(±5.9),175,,91.5,83.2,95.9,(±6.1),92,
Guam,82.5,76.6,87.2,(±5.3),266,90.0,52.7,45.8,59.6,(±7),266,,75.6,69.2,81.1,(±5.9),266,,79.3,73.1,84.4,(±5.6),266,,84.9,75.7,91.0,(±7.6),122,,,NaN,NaN,NA,,,90.9,82.5,95.5,(±6.2),84,,64.7,45.7,80.0,(±17.8),35,,92.1,85.3,96.0,(±5.1),121,,74.9,65.6,82.5,(±8.5),135,,,NaN,NaN,NA,,,,NA,,,87.9,76.3,94.3,(±8.6),52,,,NaN,NaN,NA,,,,NaN,NaN,NA,,,,NaN,NaN,NA,,,75.5,66.5,82.7,(±8.1),155,,,NaN,NaN,NA,,,,NaN,NaN,NA,,,,NaN,NaN,NA,,,,NaN,NaN,NA,,,91.9,79.9,97.0,(±7.8),48,,79.4,71.6,85.6,(±7),177,,86.6,77.4,92.5,(±7.4),104,,80.2,72.2,86.4,(±7.1),162,
Puerto Rico,,NaN,NaN,NA,,90.0,,NaN,NaN,NA,,,,NaN,NaN,NA,,,,NaN,NaN,NA,,,,NaN,NaN,NA,,,,NaN,NaN,NA,,,,NaN,NaN,NA,,,,NaN,NaN,NA,,,,NaN,NaN,NA,,,,NaN,NaN,NA,,,,NaN,NaN,NA,,,,NA,,,,NaN,NaN,NA,,,,NaN,NaN,NA,,,,NaN,NaN,NA,,,,NaN,NaN,NA,,,,NaN,NaN,NA,,,,NaN,NaN,NA,,,,NaN,NaN,NA,,,,NaN,NaN,NA,,,,NaN,NaN,NA,,,,NaN,NaN,NA,,,,NaN,NaN,NA,,,,NaN,NaN,NA,,,,NaN,NaN,NA,,
U.S. Virgin Islands,,NaN,NaN,NA,,90.0,,NaN,NaN,NA,,,,NaN,NaN,NA,,,,NaN,NaN,NA,,,,NaN,NaN,NA,,,,NaN,NaN,NA,,,,NaN,NaN,NA,,,,NaN,NaN,NA,,,,NaN,NaN,NA,,,,NaN,NaN,NA,,,,NaN,NaN,NA,,,,NA,,,,NaN,NaN,NA,,,,NaN,NaN,NA,,,,NaN,NaN,NA,,,,NaN,NaN,NA,,,,NaN,NaN,NA,,,,NaN,NaN,NA,,,,NaN,NaN,NA,,,,NaN,NaN,NA,,,,NaN,NaN,NA,,,,NaN,NaN,NA,,,,NaN,NaN,NA,,,,NaN,NaN,NA,,,,NaN,NaN,NA,,
United States,91.5,90.6,92.3,(±0.9),15333,NaN,61.0,59.4,62.5,(±1.6),15333,NaN,87.7,86.7,88.7,(±1),15333,NaN,90.0,89.0,90.8,(±0.9),15333,NaN,93.2,90.9,94.9,(±2),2223,NaN,87.7,85.3,89.8,(±2.2),2794,NaN,93.7,92.5,94.8,(±1.1),8318,NaN,93.1,90.6,95.0,(±2.2),1708,NaN,92.7,91.8,93.5,(±0.8),11392,NaN,88.7,86.4,90.7,(±2.2),3337,NaN,91.8,88.1,94.4,(±3.1),604,NaN,89.5,(±5.9),195,NaN,95.1,92.3,96.9,(±2.3),755,NaN,89.5,86.9,91.7,(±2.4),1104,NaN,92.2,89.7,94.1,(±2.2),3175,NaN,91.8,88.8,94.1,(±2.6),1106,NaN,90.1,74.4,96.6,(±10.2),69,NaN,91.2,90.1,92.2,(±1),8929,NaN,89.9,88.0,91.6,(±1.8),2798,NaN,92.5,91.2,93.6,(±1.2),6689,NaN,90.9,89.3,92.3,(±1.5),5846,NaN,93.1,90.8,94.9,(±2),1544,NaN,93.5,92.4,94.4,(±1),11751,NaN,92.4,91.1,93.5,(±1.2),8896,NaN,90.7,89.4,91.8,(±1.2),6392,NaN
Region  1,96.3,94.6,97.4,(±1.3),1544,NaN,65.4,60.8,69.6,(±4.4),1544,NaN,94.2,92.3,95.6,(±1.6),1544,NaN,95.4,93.7,96.6,(±1.4),1544,NaN,93.2,81.8,97.6,(±7.1),169,NaN,96.4,93.5,98.0,(±2.2),316,NaN,96.7,94.2,98.1,(±1.9),832,NaN,99.2,97.9,99.7,(±0.8),202,NaN,96.2,94.2,97.5,(±1.6),1247,NaN,98.1,96.5,99.0,(±1.2),252,NaN,90.5,71.7,97.3,(±11.4),45,NaN,,NA,,NaN,98.9,92.6,99.9,(±2.1),61,NaN,93.0,78.1,98.0,(±8.6),49,NaN,97.1,92.5,98.9,(±2.8),207,NaN,99.1,96.9,99.7,(±1.1),97,NaN,,NaN,NaN,NA,,NaN,95.7,93.6,97.2,(±1.8),1121,NaN,94.0,90.6,96.2,(±2.7),368,NaN,96.7,92.6,98.6,(±2.7),353,NaN,96.4,94.2,97.8,(±1.8),823,NaN,,NaN,NaN,NA,,NaN,97.0,95.3,98.1,(±1.4),1418,NaN,96.3,94.1,97.7,(±1.7),1012,NaN,96.2,93.3,97.9,(±2.2),526,NaN
Region  2,91.4,89.1,93.3,(±2.1),899,NaN,56.0,51.9,59.9,(±4),899,NaN,87.3,84.5,89.7,(±2.6),899,NaN,89.6,87.0,91.8,(±2.4),899,NaN,95.8,88.7,98.5,(±4.3),82,NaN,88.9,81.0,93.8,(±6.2),104,NaN,92.7,89.9,94.7,(±2.4),642,NaN,90.6,77.4,96.5,(±8.8),55,NaN,92.1,89.2,94.2,(±2.5),649,NaN,88.4,82.7,92.4,(±4.8),187,NaN,94.9,87.8,98.0,(±4.6),63,NaN,,NA,,NaN,96.2,88.7,98.8,(±4.3),100,NaN,86.1,76.7,92.1,(±7.6),76,NaN,94.3,90.5,96.6,(±3),216,NaN,92.5,73.1,98.3,(±10.5),53,NaN,,NaN,NaN,NA,,NaN,89.9,86.0,92.8,(±3.4),449,NaN,,NaN,NaN,NA,,NaN,92.2,89.1,94.5,(±2.7),393,NaN,90.4,86.5,93.2,(±3.3),486,NaN,92.6,84.3,96.6,(±5.8),118,NaN,93.2,90.6,95.1,(±2.2),673,NaN,92.2,89.3,94.4,(±2.5),558,NaN,90.7,86.8,93.5,(±3.3),341,NaN
Region  3,93.5,90.9,95.4,(±2.2),2059,NaN,62.6,58.2,66.7,(±4.2),2059,NaN,91.5,88.8,93.6,(±2.4),2059,NaN,92.7,90.1,94.7,(±2.3),2059,NaN,94.1,84.0,98.0,(±6.2),261,NaN,87.8,77.9,93.7,(±7.7),381,NaN,96.7,94.6,98.1,(±1.7),1228,NaN,97.8,95.1,99.0,(±1.8),168,NaN,94.2,91.5,96.0,(±2.2),1610,NaN,96.0,92.3,97.9,(±2.6),383,NaN,73.7,44.8,90.6,(±24),66,NaN,,NA,,NaN,98.4,90.7,99.7,(±2.9),104,NaN,92.9,87.1,96.2,(±4.4),272,NaN,95.3,89.2,98.1,(±4),321,NaN,95.3,85.7,98.6,(±5.5),174,NaN,,NaN,NaN,NA,,NaN,92.9,88.4,95.7,(±3.5),1178,NaN,91.9,79.3,97.1,(±8.1),143,NaN,95.2,92.3,97.1,(±2.3),1006,NaN,92.5,87.8,95.4,(±3.7),910,NaN,98.6,96.3,99.5,(±1.4),255,NaN,95.3,93.0,96.9,(±1.9),1520,NaN,93.2,89.1,95.9,(±3.3),1339,NaN,94.4,91.0,96.6,(±2.7),712,NaN
Region  4,91.6,89.6,93.2,(±1.8),2192,NaN,58.1,54.8,61.2,(±3.2),2192,NaN,87.2,84.8,89.2,(±2.2),2192,NaN,89.2,86.9,91.1,(±2.1),2192,NaN,93.9,88.8,96.8,(±3.8),301,NaN,85.5,77.6,90.9,(±6.6),275,NaN,94.1,91.7,95.8,(±2),1363,NaN,94.6,89.0,97.5,(±4),208,NaN,91.8,89.4,93.6,(±2.1),1550,NaN,90.5,86.1,93.5,(±3.7),547,NaN,94.7,85.8,98.1,(±5.4),95,NaN,,NA,,NaN,94.7,86.1,98.1,(±5.3),81,NaN,91.5,86.8,94.6,(±3.8),272,NaN,92.1,86.1,95.6,(±4.6),354,NaN,86.4,75.2,93.1,(±8.7),147,NaN,,NaN,NaN,NA,,NaN,91.9,89.2,93.9,(±2.3),1318,NaN,91.9,87.2,94.9,(±3.8),411,NaN,93.2,90.2,95.3,(±2.5),898,NaN,89.5,86.0,92.2,(±3.1),883,NaN,91.2,82.7,95.7,(±6.2),338,NaN,93.7,91.6,95.3,(±1.8),1593,NaN,92.8,90.4,94.6,(±2.1),1145,NaN,90.7,87.7,93.0,(±2.6),1042,NaN
Region  5,90.6,88.7,92.1,(±1.7),1712,NaN,60.0,57.0,62.9,(±3),1712,NaN,85.1,82.7,87.3,(±2.3),1712,NaN,88.6,86.6,90.4,(±1.9),1712,NaN,89.9,84.3,93.7,(±4.6),265,NaN,89.2,84.8,92.5,(±3.8),437,NaN,92.7,89.8,94.8,(±2.4),780,NaN,95.6,91.4,97.8,(±3),191,NaN,92.7,90.7,94.3,(±1.8),1285,NaN,85.7,81.1,89.3,(±4.1),375,NaN,89.6,77.3,95.6,(±8.7),52,NaN,,NA,,NaN,90.3,78.6,96.0,(±8.2),100,NaN,85.5,78.0,90.7,(±6.3),148,NaN,94.2,89.4,96.9,(±3.6),240,NaN,95.2,89.6,97.9,(±3.8),104,NaN,,NaN,NaN,NA,,NaN,90.3,87.8,92.3,(±2.2),1103,NaN,87.5,82.2,91.4,(±4.5),276,NaN,91.8,88.9,94.1,(±2.6),707,NaN,90.4,87.4,92.8,(±2.7),729,NaN,90.4,84.3,94.3,(±4.8),234,NaN,93.4,91.4,95.0,(±1.8),1179,NaN,91.8,89.4,93.6,(±2.1),1003,NaN,89.3,86.2,91.7,(±2.7),702,NaN
Region  6,90.7,88.8,92.3,(±1.7),2537,NaN,63.4,60.6,66.1,(±2.8),2537,NaN,86.7,84.6,88.5,(±1.9),2537,NaN,89.3,87.4,91.0,(±1.8),2537,NaN,94.5,90.2,97.0,(±3.2),382,NaN,84.8,77.8,90.0,(±6),325,NaN,92.7,90.4,94.4,(±2),1467,NaN,91.3,84.7,95.2,(±5.1),319,NaN,92.7,90.7,94.3,(±1.8),1611,NaN,86.6,82.4,90.0,(±3.8),783,NaN,93.3,85.9,97.0,(±5.2),143,NaN,86.8,(±11.8),49,NaN,94.0,85.7,97.6,(±5.4),111,NaN,87.5,78.9,92.9,(±6.8),179,NaN,91.5,88.8,93.6,(±2.4),1053,NaN,88.0,77.2,94.1,(±8.2),152,NaN,,NaN,NaN,NA,,NaN,91.1,87.8,93.6,(±2.9),987,NaN,91.8,86.3,95.1,(±4.3),380,NaN,89.5,86.5,91.9,(±2.7),1388,NaN,91.7,88.6,94.0,(±2.7),769,NaN,91.5,85.5,95.2,(±4.7),277,NaN,93.1,91.2,94.7,(±1.7),1968,NaN,92.4,90.0,94.3,(±2.1),1193,NaN,89.4,86.6,91.7,(±2.5),1340,NaN
Region  7,89.1,85.7,91.7,(±3),893,NaN,60.8,56.5,64.9,(±4.2),893,NaN,86.3,82.8,89.1,(±3.2),893,NaN,88.2,84.8,90.9,(±3),893,NaN,94.2,85.2,97.9,(±5.7),164,NaN,83.5,73.9,90.1,(±8),232,NaN,93.3,88.6,96.2,(±3.7),345,NaN,89.7,81.3,94.6,(±6.4),130,NaN,90.8,87.1,93.6,(±3.2),682,NaN,85.1,76.1,91.1,(±7.4),177,NaN,80.6,59.0,92.3,(±16.6),34,NaN,,NA,,NaN,91.9,76.1,97.6,(±9.4),30,NaN,77.8,54.2,91.2,(±18.7),31,NaN,96.7,89.4,99.0,(±4),136,NaN,79.7,59.6,91.3,(±15.9),57,NaN,,NaN,NaN,NA,,NaN,90.0,86.3,92.8,(±3.2),631,NaN,85.0,78.5,89.8,(±5.6),289,NaN,91.0,85.3,94.6,(±4.5),353,NaN,90.1,83.0,94.5,(±5.6),251,NaN,92.8,83.9,97.0,(±6.1),109,NaN,92.4,88.7,95.0,(±3.1),653,NaN,89.8,85.5,92.9,(±3.7),509,NaN,88.3,82.6,92.3,(±4.8),384,NaN
Region  8,89.0,86.2,91.2,(±2.5),1462,NaN,63.6,59.7,67.3,(±3.8),1462,NaN,86.1,83.2,88.6,(±2.7),1462,NaN,88.1,85.3,90.4,(±2.5),1462,NaN,92.4,85.6,96.1,(±5),274,NaN,81.1,73.2,87.1,(±7),405,NaN,93.1,89.4,95.6,(±3),552,NaN,93.0,85.8,96.7,(±5.1),197,NaN,90.2,87.2,92.6,(±2.7),1187,NaN,84.6,76.8,90.2,(±6.6),235,NaN,85.0,63.7,94.8,(±14.9),40,NaN,88.7,(±10.1),57,NaN,90.3,57.6,98.4,(±16.9),33,NaN,,NaN,NaN,NA,,NaN,90.8,83.6,95.0,(±5.5),173,NaN,86.3,71.8,94.0,(±10.7),83,NaN,,NaN,NaN,NA,,NaN,88.3,84.9,91.0,(±3.1),1097,NaN,89.6,85.2,92.8,(±3.7),621,NaN,89.9,85.6,93.0,(±3.7),545,NaN,87.1,81.0,91.4,(±5.2),296,NaN,79.9,61.3,90.8,(±14.7),59,NaN,93.3,90.6,95.2,(±2.3),1198,NaN,90.2,87.0,92.7,(±2.8),943,NaN,87.2,82.0,91.1,(±4.5),512,NaN
Region  9,92.7,88.0,95.6,(±3.7),1060,NaN,63.6,56.3,70.4,(±7.1),1060,NaN,89.9,85.1,93.3,(±4),1060,NaN,91.6,86.9,94.7,(±3.8),1060,NaN,92.6,79.6,97.5,(±8),158,NaN,92.2,78.6,97.5,(±8.4),142,NaN,93.8,85.6,97.4,(±5.4),630,NaN,92.1,78.4,97.4,(±8.5),111,NaN,94.5,90.1,97.0,(±3.3),786,NaN,88.7,75.7,95.2,(±9.2),233,NaN,94.9,78.5,98.9,(±7.9),41,NaN,,NA,,NaN,96.8,85.1,99.4,(±5.2),104,NaN,94.2,78.9,98.6,(±8),42,NaN,90.8,81.8,95.6,(±6.6),323,NaN,97.5,94.0,99.0,(±2.2),128,NaN,88.9,65.4,97.1,(±14.3),39,NaN,93.2,85.3,97.0,(±5.5),418,NaN,93.5,85.3,97.3,(±5.5),94,NaN,93.8,87.6,97.0,(±4.4),559,NaN,91.3,82.4,95.9,(±6.4),407,NaN,99.4,97.9,99.8,(±0.8),118,NaN,92.0,85.1,95.9,(±5.2),741,NaN,92.9,82.9,97.3,(±6.6),599,NaN,92.2,86.5,95.6,(±4.4),456,NaN
Region 10,89.5,86.2,92.1,(±2.9),975,NaN,59.8,55.0,64.5,(±4.8),975,NaN,85.5,81.9,88.5,(±3.3),975,NaN,88.2,84.8,90.9,(±3),975,NaN,94.7,87.4,97.9,(±4.7),167,NaN,86.5,78.3,91.9,(±6.7),177,NaN,92.9,88.9,95.5,(±3.2),479,NaN,86.0,73.0,93.3,(±9.8),127,NaN,89.8,86.0,92.7,(±3.3),785,NaN,87.5,78.6,93.0,(±7),165,NaN,,NaN,NaN,NA,,NaN,,NA,,NaN,99.6,97.2,100.0,(±0.7),31,NaN,,NaN,NaN,NA,,NaN,89.9,80.4,95.0,(±7),152,NaN,93.1,84.0,97.2,(±6.1),111,NaN,,NaN,NaN,NA,,NaN,88.2,83.8,91.6,(±3.8),627,NaN,85.1,74.2,91.9,(±8.7),196,NaN,93.4,89.5,95.9,(±3.1),487,NaN,85.7,78.5,90.8,(±6.1),292,NaN,,NaN,NaN,NA,,NaN,92.3,88.9,94.7,(±2.9),808,NaN,91.4,87.0,94.5,(±3.7),595,NaN,87.5,81.9,91.5,(±4.7),377,NaN
HP 2020 Target,90.0,NaN,NaN,NaN,NaN,NaN,,NaN,NaN,NaN,NaN,NaN,,NaN,NaN,NaN,NaN,NaN,,NaN,NaN,NaN,NaN,NaN,,NaN,NaN,NaN,NaN,NaN,,NaN,NaN,NaN,NaN,NaN,,NaN,NaN,NaN,NaN,NaN,,NaN,NaN,NaN,NaN,NaN,,NaN,NaN,NaN,NaN,NaN,,NaN,NaN,NaN,NaN,NaN,,NaN,NaN,NaN,NaN,NaN,,NaN,NaN,NaN,,NaN,NaN,NaN,NaN,NaN,,NaN,NaN,NaN,NaN,NaN,,NaN,NaN,NaN,NaN,NaN,,NaN,NaN,NaN,NaN,NaN,,NaN,NaN,NaN,NaN,NaN,,NaN,NaN,NaN,NaN,NaN,,NaN,NaN,NaN,NaN,NaN,,NaN,NaN,NaN,NaN,NaN,,NaN,NaN,NaN,NaN,NaN,,NaN,NaN,NaN,NaN,NaN,,NaN,NaN,NaN,NaN,NaN,,NaN,NaN,NaN,NaN,NaN,,NaN,NaN,NaN,NaN,NaN
ElementType,Element,MetadataElement,Value
"•Technical Notes (more information on vaccine abbreviations, dose definitions, and vaccine series)•Technical Abbreviations: CI=confidence interval (95% confidence intervals); NA=not available (estimate not reported because data not collected or unweighted sample size for the denominator was  0.588); MSA=Metropolitan Statistical Area.•Estimates with confidence intervals >20 may not be reliable.20 may not be reliable.•Areas included in the NIS-Child varied by survey year. Data from U.S. Territories were not included in national estimates.•Vaccination coverage estimates included only children with adequate provider-reported immunization records.• Survey age eligibility•Vaccination coverage milestones followed the Advisory Committee on Immunization Practices (ACIP) Immunization Schedule. HepB birth dose is administered from birth through 3 days.•Coverage with Haemophilus influenzae type b vaccine (Hib) dropped sharply in 2009 due to a shortage of vaccine. The shortage also affected the 7-vaccine series coverage, which included Hib. In 2009, the way a child was determined to be fully vaccinated for Hib changed from having 3 or more doses of Hib to having either 3 or 4 doses, depending upon the product type received.•Poverty status for each survey year was based on family income and household size using the US Census poverty thresholds for the year immediately prior to the survey.•Race/ethnicity was reported by parent/guardian respondent. Children of Hispanic ethnicity may be of any race. Children identified as multiple races had more than one race category selected. Children identified as white, black, Asian, Native Hawaiian/other Pacific Islander, American Indian/Alaska Native, or multiple races were non-Hispanic.•Metropolitan Statistical Area (MSA) was based on parent/guardian respondent-reported city, state, county, and zip code of residence using the MSA definitions file. MSA not applicable in Guam and U.S. Virgin Islands.•Beginning in 2006, Vaccines for Children (VFC) participation was based on the question in the provider survey ""Does your practice order vaccines from your state or local health department to administer to children?"" In previous years, participation was based on the question ""Is this facility a Vaccines for Children Provider?""• VFC eligibility includes: age ≤18 years; American Indian/Alaskan Native race; Medicaid insurance coverage; uninsured; or underinsured and receiving vaccinations at federally qualified health centers or rural health centers.•Provider type was self-reported by provider. Public provider includes public health clinics and community health centers. Private provider includes private clinics, HMOs, and group practices. Mixed provider includes more than one type of provider. Other provider includes all other types of providers such as hospitals, military facilities, and unknown responses.",,,
